granularity,dataset_setting,table_group,period,display_name,method,selection_variant,inspired_by,uses_cluster,total,updated,review_ratio,f1,tpr,fpr,fpr_at_tpr90,auc_roc,auc_pr,mal_rate_selected,time_sec,source_file
yearly,androzoo_year_balanced,existing_yearly_baselines,2017,Static,Static,Static,,,10000,0,0.0,0.8090006871533418,0.6364,0.0062,0.2006,0.94027102,0.9513689215414176,,4.7513,results/performance/yearly/yearly_results.csv
yearly,androzoo_year_balanced,existing_yearly_baselines,2018,Static,Static,Static,,,6000,0,0.0,0.9005746189022068,0.824,0.0216666666666666,0.0516666666666666,0.9514059444444444,0.9617599974462204,,2.6073,results/performance/yearly/yearly_results.csv
yearly,androzoo_year_balanced,existing_yearly_baselines,2019,Static,Static,Static,,,6000,0,0.0,0.4814933570947082,0.9583333333333334,0.833,0.756558533145275,0.5754527777777778,0.7579560703544639,,2.2669,results/performance/yearly/yearly_results.csv
yearly,androzoo_year_balanced,existing_yearly_baselines,2020,Static,Static,Static,,,6000,0,0.0,0.4423414436821284,0.959,0.8786666666666667,0.7991596638655463,0.5516041666666667,0.7523530375054652,,2.4428,results/performance/yearly/yearly_results.csv
yearly,androzoo_year_balanced,existing_yearly_baselines,2021,Static,Static,Static,,,6000,0,0.0,0.481687202279558,0.9833333333333332,0.843,0.7467168262653898,0.5836091666666667,0.7670932532679817,,3.4166,results/performance/yearly/yearly_results.csv
yearly,androzoo_year_balanced,existing_yearly_baselines,2022,Static,Static,Static,,,6000,0,0.0,0.4741573565413016,0.998,0.8573333333333333,0.7080121703853954,0.6056712777777779,0.7764696406649527,,2.2311,results/performance/yearly/yearly_results.csv
yearly,androzoo_year_balanced,existing_yearly_baselines,2023,Static,Static,Static,,,6000,0,0.0,0.4250233042971964,0.995,0.9096666666666666,0.786648313833448,0.5618515,0.7591793775214162,,2.1454,results/performance/yearly/yearly_results.csv
yearly,androzoo_year_balanced,existing_yearly_baselines,2017,FullUpdate,FullUpdate,FullUpdate,,,10000,10000,1.0,0.8090006871533418,0.6364,0.0062,0.2006,0.94027102,0.9513689215414176,,4.7236,results/performance/yearly/yearly_results.csv
yearly,androzoo_year_balanced,existing_yearly_baselines,2018,FullUpdate,FullUpdate,FullUpdate,,,6000,6000,1.0,0.934580305400941,0.971,0.1016666666666666,0.0884647887323943,0.953596,0.9539592651091392,,2.5927,results/performance/yearly/yearly_results.csv
yearly,androzoo_year_balanced,existing_yearly_baselines,2019,FullUpdate,FullUpdate,FullUpdate,,,6000,6000,1.0,0.5327955239129664,0.969,0.7743333333333333,0.7743333333333333,0.3145362222222222,0.4520124781850352,,2.2865,results/performance/yearly/yearly_results.csv
yearly,androzoo_year_balanced,existing_yearly_baselines,2020,FullUpdate,FullUpdate,FullUpdate,,,6000,6000,1.0,0.92572964766524,0.8656666666666667,0.0136666666666666,0.0296274509803921,0.9583766111111112,0.9708977854170384,,2.4549,results/performance/yearly/yearly_results.csv
yearly,androzoo_year_balanced,existing_yearly_baselines,2021,FullUpdate,FullUpdate,FullUpdate,,,6000,6000,1.0,0.9347059646212648,0.8906666666666667,0.021,0.037,0.9599898333333332,0.9628836439250308,,3.4415,results/performance/yearly/yearly_results.csv
yearly,androzoo_year_balanced,existing_yearly_baselines,2022,FullUpdate,FullUpdate,FullUpdate,,,6000,6000,1.0,0.8858119879223441,0.989,0.215,0.1194609656777196,0.8777631666666666,0.520727380809502,,2.2437,results/performance/yearly/yearly_results.csv
yearly,androzoo_year_balanced,existing_yearly_baselines,2023,FullUpdate,FullUpdate,FullUpdate,,,6000,6000,1.0,0.910958199821583,0.8893333333333333,0.0673333333333333,0.081,0.9278312777777776,0.6868699618761751,,2.1488,results/performance/yearly/yearly_results.csv
yearly,androzoo_year_balanced,existing_yearly_baselines,2017,Proposed,Proposed,Proposed,,,10000,3002,0.3002,0.8090006871533418,0.6364,0.0062,0.2006,0.94027102,0.9513689215414176,0.7045303131245836,5.3439,results/performance/yearly/yearly_results.csv
yearly,androzoo_year_balanced,existing_yearly_baselines,2018,Proposed,Proposed,Proposed,,,6000,1800,0.3,0.9244597787874814,0.8723333333333333,0.023,0.0255352112676056,0.9654694444444444,0.9694455815376698,0.7594444444444445,3.1884,results/performance/yearly/yearly_results.csv
yearly,androzoo_year_balanced,existing_yearly_baselines,2019,Proposed,Proposed,Proposed,,,6000,2698,0.44966666666666666,0.2186464700841101,0.418,0.9326666666666666,0.934,0.1744826111111111,0.4244091110220548,0.4584877687175686,2.8247,results/performance/yearly/yearly_results.csv
yearly,androzoo_year_balanced,existing_yearly_baselines,2020,Proposed,Proposed,Proposed,,,6000,2701,0.45016666666666666,0.9248034485238992,0.8556666666666667,0.0053333333333333,0.0505522875816993,0.9672279444444444,0.9767075080891128,0.5923731951129212,2.9889,results/performance/yearly/yearly_results.csv
yearly,androzoo_year_balanced,existing_yearly_baselines,2021,Proposed,Proposed,Proposed,,,6000,2699,0.4498333333333333,0.9304810897980442,0.879,0.0176666666666666,0.0516666666666666,0.9627975555555556,0.9725694107421642,0.6472767691737681,4.1221,results/performance/yearly/yearly_results.csv
yearly,androzoo_year_balanced,existing_yearly_baselines,2022,Proposed,Proposed,Proposed,,,6000,2700,0.45,0.9407485230734848,0.9786666666666668,0.097,0.0481546247818499,0.9442325,0.5673052569748772,0.595925925925926,2.8802,results/performance/yearly/yearly_results.csv
yearly,androzoo_year_balanced,existing_yearly_baselines,2023,Proposed,Proposed,Proposed,,,6000,2699,0.4498333333333333,0.9244094488188976,0.8663333333333333,0.017,0.0576666666666666,0.9765358888888888,0.9816271859867732,0.595776213412375,2.7797,results/performance/yearly/yearly_results.csv
yearly,androzoo_year_imbalanced_9to1,existing_yearly_baselines,2017,Static,Static,Static,,,5584,0,0.0,0.8431463187086362,0.5565068493150684,0.0008,0.1476,0.9494363013698632,0.8189521291013282,,3.4713,results/performance/yearly/yearly_imbalanced_results.csv
yearly,androzoo_year_imbalanced_9to1,existing_yearly_baselines,2018,Static,Static,Static,,,3314,0,0.0,0.7907216102864718,0.4808917197452229,0.0093333333333333,0.062,0.961991507430998,0.808322148152663,,2.2628,results/performance/yearly/yearly_imbalanced_results.csv
yearly,androzoo_year_imbalanced_9to1,existing_yearly_baselines,2019,Static,Static,Static,,,3311,0,0.0,0.2607166685085813,0.0610932475884244,0.63,0.735,0.3507293676312969,0.0972551029170383,,2.4368,results/performance/yearly/yearly_imbalanced_results.csv
yearly,androzoo_year_imbalanced_9to1,existing_yearly_baselines,2020,Static,Static,Static,,,3330,0,0.0,0.2277741410269241,0.0666666666666666,0.6913333333333334,0.713,0.295369696969697,0.0934500494376623,,2.4941,results/performance/yearly/yearly_imbalanced_results.csv
yearly,androzoo_year_imbalanced_9to1,existing_yearly_baselines,2021,Static,Static,Static,,,3333,0,0.0,0.316147105251341,0.3993993993993994,0.6263333333333333,0.642,0.4812287287287287,0.2683574115026428,,2.5957,results/performance/yearly/yearly_imbalanced_results.csv
yearly,androzoo_year_imbalanced_9to1,existing_yearly_baselines,2022,Static,Static,Static,,,3331,0,0.0,0.2545016663828545,0.0211480362537764,0.628,0.6720666666666667,0.3369219536757301,0.0813537251020794,,2.4306,results/performance/yearly/yearly_imbalanced_results.csv
yearly,androzoo_year_imbalanced_9to1,existing_yearly_baselines,2023,Static,Static,Static,,,3362,0,0.0,0.1905711432909717,0.0939226519337016,0.76,0.7862109253065774,0.2470810313075506,0.1100647772234926,,2.1931,results/performance/yearly/yearly_imbalanced_results.csv
yearly,androzoo_year_imbalanced_9to1,existing_yearly_baselines,2017,FullUpdate,FullUpdate,FullUpdate,,,5584,5584,1.0,0.8431463187086362,0.5565068493150684,0.0008,0.1476,0.9494363013698632,0.8189521291013282,,3.2843,results/performance/yearly/yearly_imbalanced_results.csv
yearly,androzoo_year_imbalanced_9to1,existing_yearly_baselines,2018,FullUpdate,FullUpdate,FullUpdate,,,3314,3314,1.0,0.7798931901973541,0.4522292993630573,0.008,0.0218923076923076,0.969877388535032,0.8438837365829274,,2.198,results/performance/yearly/yearly_imbalanced_results.csv
yearly,androzoo_year_imbalanced_9to1,existing_yearly_baselines,2019,FullUpdate,FullUpdate,FullUpdate,,,3311,3311,1.0,0.3217945367932303,0.9710610932475884,0.7273333333333334,0.706,0.3391650589496249,0.1163100560881289,,2.1008,results/performance/yearly/yearly_imbalanced_results.csv
yearly,androzoo_year_imbalanced_9to1,existing_yearly_baselines,2020,FullUpdate,FullUpdate,FullUpdate,,,3330,3330,1.0,0.9448383820501114,0.8757575757575757,0.0076666666666666,0.0616666666666666,0.9725176767676768,0.9151030444885936,,2.2444,results/performance/yearly/yearly_imbalanced_results.csv
yearly,androzoo_year_imbalanced_9to1,existing_yearly_baselines,2021,FullUpdate,FullUpdate,FullUpdate,,,3333,3333,1.0,0.8219787633783064,0.5255255255255256,0.0043333333333333,0.0679318584070796,0.9305720720720722,0.7561981445183045,,2.3043,results/performance/yearly/yearly_imbalanced_results.csv
yearly,androzoo_year_imbalanced_9to1,existing_yearly_baselines,2022,FullUpdate,FullUpdate,FullUpdate,,,3331,3331,1.0,0.9604409736301434,0.9697885196374624,0.013,0.0055682242990654,0.9867165156092648,0.9551961250061756,,2.2641,results/performance/yearly/yearly_imbalanced_results.csv
yearly,androzoo_year_imbalanced_9to1,existing_yearly_baselines,2023,FullUpdate,FullUpdate,FullUpdate,,,3362,3362,1.0,0.941384315536857,0.8314917127071824,0.0033333333333333,0.07,0.971762891344383,0.9129712416039526,,2.234,results/performance/yearly/yearly_imbalanced_results.csv
yearly,androzoo_year_imbalanced_9to1,existing_yearly_baselines,2017,Proposed,Proposed,Proposed,,,5584,1678,0.30050143266475643,0.8431463187086362,0.5565068493150684,0.0008,0.1476,0.9494363013698632,0.8189521291013282,0.1901072705601907,4.0399,results/performance/yearly/yearly_imbalanced_results.csv
yearly,androzoo_year_imbalanced_9to1,existing_yearly_baselines,2018,Proposed,Proposed,Proposed,,,3314,994,0.299939649969825,0.9231805703925752,0.9363057324840764,0.0246666666666666,0.0229435897435897,0.979451167728238,0.8740029543369133,0.2273641851106639,2.5011,results/performance/yearly/yearly_imbalanced_results.csv
yearly,androzoo_year_imbalanced_9to1,existing_yearly_baselines,2019,Proposed,Proposed,Proposed,,,3311,993,0.29990939293264873,0.221939963263698,0.9742765273311896,0.8546666666666667,0.85,0.3190948553054662,0.2459526803316258,0.1037260825780463,2.7487,results/performance/yearly/yearly_imbalanced_results.csv
yearly,androzoo_year_imbalanced_9to1,existing_yearly_baselines,2020,Proposed,Proposed,Proposed,,,3330,1497,0.44954954954954957,0.9453194986982136,0.8696969696969697,0.0066666666666666,0.0680833333333333,0.958330303030303,0.9144415221209204,0.14562458249833,2.7531,results/performance/yearly/yearly_imbalanced_results.csv
yearly,androzoo_year_imbalanced_9to1,existing_yearly_baselines,2021,Proposed,Proposed,Proposed,,,3333,1499,0.44974497449744977,0.9278834251485916,0.8648648648648649,0.0136666666666666,0.0796666666666666,0.954608108108108,0.8829634970163684,0.1821214142761841,2.9818,results/performance/yearly/yearly_imbalanced_results.csv
yearly,androzoo_year_imbalanced_9to1,existing_yearly_baselines,2022,Proposed,Proposed,Proposed,,,3331,997,0.29930951666166317,0.9791742994224322,0.9697885196374624,0.005,0.0034028037383177,0.9866042296072508,0.9647474932793338,0.1905717151454363,2.9448,results/performance/yearly/yearly_imbalanced_results.csv
yearly,androzoo_year_imbalanced_9to1,existing_yearly_baselines,2023,Proposed,Proposed,Proposed,,,3362,1009,0.3001189767995241,0.9395735090161104,0.8259668508287292,0.0033333333333333,0.0663333333333333,0.9473494475138122,0.8969684282707885,0.176412289395441,2.6658,results/performance/yearly/yearly_imbalanced_results.csv
yearly,androzoo_year_imbalanced_9to1,yearly_ablation_baselines,2017,Static,Static,Static,,,5584,0,0.0,0.8431463187086362,0.5565068493150684,0.0008,0.1476,0.9494363013698632,0.8189521291013282,,2.9312,results/performance/yearly/yearly_imbalanced_ablation_results.csv
yearly,androzoo_year_imbalanced_9to1,yearly_ablation_baselines,2018,Static,Static,Static,,,3314,0,0.0,0.7907216102864718,0.4808917197452229,0.0093333333333333,0.062,0.961991507430998,0.808322148152663,,1.9005,results/performance/yearly/yearly_imbalanced_ablation_results.csv
yearly,androzoo_year_imbalanced_9to1,yearly_ablation_baselines,2019,Static,Static,Static,,,3311,0,0.0,0.2607166685085813,0.0610932475884244,0.63,0.735,0.3507293676312969,0.0972551029170383,,2.0558,results/performance/yearly/yearly_imbalanced_ablation_results.csv
yearly,androzoo_year_imbalanced_9to1,yearly_ablation_baselines,2020,Static,Static,Static,,,3330,0,0.0,0.2277741410269241,0.0666666666666666,0.6913333333333334,0.713,0.295369696969697,0.0934500494376623,,2.1948,results/performance/yearly/yearly_imbalanced_ablation_results.csv
yearly,androzoo_year_imbalanced_9to1,yearly_ablation_baselines,2021,Static,Static,Static,,,3333,0,0.0,0.316147105251341,0.3993993993993994,0.6263333333333333,0.642,0.4812287287287287,0.2683574115026428,,2.3067,results/performance/yearly/yearly_imbalanced_ablation_results.csv
yearly,androzoo_year_imbalanced_9to1,yearly_ablation_baselines,2022,Static,Static,Static,,,3331,0,0.0,0.2545016663828545,0.0211480362537764,0.628,0.6720666666666667,0.3369219536757301,0.0813537251020794,,2.174,results/performance/yearly/yearly_imbalanced_ablation_results.csv
yearly,androzoo_year_imbalanced_9to1,yearly_ablation_baselines,2023,Static,Static,Static,,,3362,0,0.0,0.1905711432909717,0.0939226519337016,0.76,0.7862109253065774,0.2470810313075506,0.1100647772234926,,1.9744,results/performance/yearly/yearly_imbalanced_ablation_results.csv
yearly,androzoo_year_imbalanced_9to1,yearly_ablation_baselines,2017,FullUpdate,FullUpdate,FullUpdate,,,5584,5584,1.0,0.8431463187086362,0.5565068493150684,0.0008,0.1476,0.9494363013698632,0.8189521291013282,,2.9411,results/performance/yearly/yearly_imbalanced_ablation_results.csv
yearly,androzoo_year_imbalanced_9to1,yearly_ablation_baselines,2018,FullUpdate,FullUpdate,FullUpdate,,,3314,3314,1.0,0.7798931901973541,0.4522292993630573,0.008,0.0218923076923076,0.969877388535032,0.8438837365829274,,1.9257,results/performance/yearly/yearly_imbalanced_ablation_results.csv
yearly,androzoo_year_imbalanced_9to1,yearly_ablation_baselines,2019,FullUpdate,FullUpdate,FullUpdate,,,3311,3311,1.0,0.3217945367932303,0.9710610932475884,0.7273333333333334,0.706,0.3391650589496249,0.1163100560881289,,2.068,results/performance/yearly/yearly_imbalanced_ablation_results.csv
yearly,androzoo_year_imbalanced_9to1,yearly_ablation_baselines,2020,FullUpdate,FullUpdate,FullUpdate,,,3330,3330,1.0,0.9448383820501114,0.8757575757575757,0.0076666666666666,0.0616666666666666,0.9725176767676768,0.9151030444885936,,2.2074,results/performance/yearly/yearly_imbalanced_ablation_results.csv
yearly,androzoo_year_imbalanced_9to1,yearly_ablation_baselines,2021,FullUpdate,FullUpdate,FullUpdate,,,3333,3333,1.0,0.8219787633783064,0.5255255255255256,0.0043333333333333,0.0679318584070796,0.9305720720720722,0.7561981445183045,,2.3178,results/performance/yearly/yearly_imbalanced_ablation_results.csv
yearly,androzoo_year_imbalanced_9to1,yearly_ablation_baselines,2022,FullUpdate,FullUpdate,FullUpdate,,,3331,3331,1.0,0.9604409736301434,0.9697885196374624,0.013,0.0055682242990654,0.9867165156092648,0.9551961250061756,,2.184,results/performance/yearly/yearly_imbalanced_ablation_results.csv
yearly,androzoo_year_imbalanced_9to1,yearly_ablation_baselines,2023,FullUpdate,FullUpdate,FullUpdate,,,3362,3362,1.0,0.941384315536857,0.8314917127071824,0.0033333333333333,0.07,0.971762891344383,0.9129712416039526,,2.0007,results/performance/yearly/yearly_imbalanced_ablation_results.csv
yearly,androzoo_year_imbalanced_9to1,yearly_ablation_baselines,2017,Ablation-Baseline,Ablation-Baseline,Ablation-Baseline,,,5584,1675,0.2999641833810888,0.8431463187086362,0.5565068493150684,0.0008,0.1476,0.9494363013698632,0.8189521291013282,0.0973134328358208,2.9752,results/performance/yearly/yearly_imbalanced_ablation_results.csv
yearly,androzoo_year_imbalanced_9to1,yearly_ablation_baselines,2018,Ablation-Baseline,Ablation-Baseline,Ablation-Baseline,,,3314,994,0.299939649969825,0.8394483071300751,0.6050955414012739,0.0116666666666666,0.0226666666666666,0.9789957537154989,0.8546426528490629,0.1036217303822937,1.9298,results/performance/yearly/yearly_imbalanced_ablation_results.csv
yearly,androzoo_year_imbalanced_9to1,yearly_ablation_baselines,2019,Ablation-Baseline,Ablation-Baseline,Ablation-Baseline,,,3311,993,0.29990939293264873,0.1608837825507685,0.9742765273311896,0.923,0.9156666666666666,0.2637770632368703,0.2483122614127959,0.0876132930513595,2.1245,results/performance/yearly/yearly_imbalanced_ablation_results.csv
yearly,androzoo_year_imbalanced_9to1,yearly_ablation_baselines,2020,Ablation-Baseline,Ablation-Baseline,Ablation-Baseline,,,3330,999,0.3,0.9183222156705576,0.8818181818181818,0.0203333333333333,0.0420625,0.9579848484848486,0.8724562736143806,0.082082082082082,2.2064,results/performance/yearly/yearly_imbalanced_ablation_results.csv
yearly,androzoo_year_imbalanced_9to1,yearly_ablation_baselines,2021,Ablation-Baseline,Ablation-Baseline,Ablation-Baseline,,,3333,999,0.29972997299729975,0.8278850330224499,0.5255255255255256,0.0016666666666666,0.8287543478260869,0.7290880880880881,0.3987150949942649,0.1001001001001001,2.3381,results/performance/yearly/yearly_imbalanced_ablation_results.csv
yearly,androzoo_year_imbalanced_9to1,yearly_ablation_baselines,2022,Ablation-Baseline,Ablation-Baseline,Ablation-Baseline,,,3331,999,0.2999099369558691,0.926356724310484,0.972809667673716,0.0293333333333333,0.0181947204968944,0.9838796576032226,0.9090530824192844,0.0980980980980981,2.198,results/performance/yearly/yearly_imbalanced_ablation_results.csv
yearly,androzoo_year_imbalanced_9to1,yearly_ablation_baselines,2023,Ablation-Baseline,Ablation-Baseline,Ablation-Baseline,,,3362,1008,0.2998215348007139,0.9391485473216242,0.8314917127071824,0.0043333333333333,0.0686666666666666,0.9476137200736648,0.6159933827487555,0.1081349206349206,2.0096,results/performance/yearly/yearly_imbalanced_ablation_results.csv
yearly,androzoo_year_imbalanced_9to1,yearly_ablation_baselines,2017,Ablation-+Cluster,Ablation-+Cluster,Ablation-+Cluster,,,5584,1660,0.29727793696275073,0.8431463187086362,0.5565068493150684,0.0008,0.1476,0.9494363013698632,0.8189521291013282,0.1560240963855421,3.7904,results/performance/yearly/yearly_imbalanced_ablation_results.csv
yearly,androzoo_year_imbalanced_9to1,yearly_ablation_baselines,2018,Ablation-+Cluster,Ablation-+Cluster,Ablation-+Cluster,,,3314,986,0.2975256487628244,0.9032537154989384,0.8248407643312102,0.0183333333333333,0.0218153846153846,0.9825265392781316,0.8821442567997002,0.1095334685598377,2.6563,results/performance/yearly/yearly_imbalanced_ablation_results.csv
yearly,androzoo_year_imbalanced_9to1,yearly_ablation_baselines,2019,Ablation-+Cluster,Ablation-+Cluster,Ablation-+Cluster,,,3311,989,0.2987012987012987,0.5144674637892961,0.9517684887459807,0.4353333333333333,0.4346666666666666,0.6114158628081459,0.1904271706536571,0.096056622851365,2.7286,results/performance/yearly/yearly_imbalanced_ablation_results.csv
yearly,androzoo_year_imbalanced_9to1,yearly_ablation_baselines,2020,Ablation-+Cluster,Ablation-+Cluster,Ablation-+Cluster,,,3330,1499,0.45015015015015014,0.9387932654211562,0.8787878787878788,0.0106666666666666,0.0504375,0.9619055555555556,0.920353286315828,0.0967311541027351,2.8741,results/performance/yearly/yearly_imbalanced_ablation_results.csv
yearly,androzoo_year_imbalanced_9to1,yearly_ablation_baselines,2021,Ablation-+Cluster,Ablation-+Cluster,Ablation-+Cluster,,,3333,994,0.2982298229822982,0.8212516463122606,0.5255255255255256,0.0046666666666666,0.1831619469026548,0.8929849849849849,0.6697592664228817,0.1116700201207243,2.9179,results/performance/yearly/yearly_imbalanced_ablation_results.csv
yearly,androzoo_year_imbalanced_9to1,yearly_ablation_baselines,2022,Ablation-+Cluster,Ablation-+Cluster,Ablation-+Cluster,,,3331,989,0.2969078354848394,0.9767680290138094,0.9697885196374624,0.006,0.0027841121495327,0.9862351460221552,0.9680801815663306,0.0950455005055611,2.9828,results/performance/yearly/yearly_imbalanced_ablation_results.csv
yearly,androzoo_year_imbalanced_9to1,yearly_ablation_baselines,2023,Ablation-+Cluster,Ablation-+Cluster,Ablation-+Cluster,,,3362,1510,0.4491374182034503,0.9388267947628488,0.8259668508287292,0.0036666666666666,0.0673333333333333,0.9544438305709022,0.4904509303943126,0.1072847682119205,2.7145,results/performance/yearly/yearly_imbalanced_ablation_results.csv
yearly,androzoo_year_imbalanced_9to1,yearly_ablation_baselines,2017,Ablation-+DriftLoss,Ablation-+DriftLoss,Ablation-+DriftLoss,,,5584,1675,0.2999641833810888,0.8431463187086362,0.5565068493150684,0.0008,0.1476,0.9494363013698632,0.8189521291013282,0.0973134328358208,2.9594,results/performance/yearly/yearly_imbalanced_ablation_results.csv
yearly,androzoo_year_imbalanced_9to1,yearly_ablation_baselines,2018,Ablation-+DriftLoss,Ablation-+DriftLoss,Ablation-+DriftLoss,,,3314,994,0.299939649969825,0.8731352104293253,0.7261146496815286,0.017,0.0243728395061728,0.9802266454352442,0.845095083950811,0.1036217303822937,1.9177,results/performance/yearly/yearly_imbalanced_ablation_results.csv
yearly,androzoo_year_imbalanced_9to1,yearly_ablation_baselines,2019,Ablation-+DriftLoss,Ablation-+DriftLoss,Ablation-+DriftLoss,,,3311,993,0.29990939293264873,0.1799952693604797,0.977491961414791,0.9026666666666666,0.8976666666666666,0.2795669882100751,0.2493356235043106,0.0876132930513595,2.0646,results/performance/yearly/yearly_imbalanced_ablation_results.csv
yearly,androzoo_year_imbalanced_9to1,yearly_ablation_baselines,2020,Ablation-+DriftLoss,Ablation-+DriftLoss,Ablation-+DriftLoss,,,3330,999,0.3,0.9566158501971922,0.8696969696969697,0.002,0.05875,0.9608535353535352,0.5786860543568267,0.082082082082082,2.2073,results/performance/yearly/yearly_imbalanced_ablation_results.csv
yearly,androzoo_year_imbalanced_9to1,yearly_ablation_baselines,2021,Ablation-+DriftLoss,Ablation-+DriftLoss,Ablation-+DriftLoss,,,3333,999,0.29972997299729975,0.830141803310018,0.5255255255255256,0.0006666666666666,0.7847877697841728,0.7681191191191191,0.4914863312521251,0.1001001001001001,2.3611,results/performance/yearly/yearly_imbalanced_ablation_results.csv
yearly,androzoo_year_imbalanced_9to1,yearly_ablation_baselines,2022,Ablation-+DriftLoss,Ablation-+DriftLoss,Ablation-+DriftLoss,,,3331,1498,0.4497148003602522,0.9720121110994688,0.9697885196374624,0.008,0.0046401869158878,0.9860770392749244,0.9589415426369154,0.1001335113484646,2.1933,results/performance/yearly/yearly_imbalanced_ablation_results.csv
yearly,androzoo_year_imbalanced_9to1,yearly_ablation_baselines,2023,Ablation-+DriftLoss,Ablation-+DriftLoss,Ablation-+DriftLoss,,,3362,1008,0.2998215348007139,0.9391485473216242,0.8314917127071824,0.0043333333333333,0.069,0.9520322283609576,0.4875785892544153,0.1091269841269841,2.0747,results/performance/yearly/yearly_imbalanced_ablation_results.csv
yearly,androzoo_year_imbalanced_9to1,yearly_ablation_baselines,2017,Proposed,Proposed,Proposed,,,5584,1660,0.29727793696275073,0.8431463187086362,0.5565068493150684,0.0008,0.1476,0.9494363013698632,0.8189521291013282,0.1560240963855421,3.8026,results/performance/yearly/yearly_imbalanced_ablation_results.csv
yearly,androzoo_year_imbalanced_9to1,yearly_ablation_baselines,2018,Proposed,Proposed,Proposed,,,3314,986,0.2975256487628244,0.8722886961689267,0.767515923566879,0.024,0.0369555555555555,0.957609872611465,0.8250585362392708,0.1095334685598377,2.6227,results/performance/yearly/yearly_imbalanced_ablation_results.csv
yearly,androzoo_year_imbalanced_9to1,yearly_ablation_baselines,2019,Proposed,Proposed,Proposed,,,3311,989,0.2987012987012987,0.5292579603602323,0.842443729903537,0.384,0.47,0.6408810289389069,0.1598443615522422,0.096056622851365,2.6856,results/performance/yearly/yearly_imbalanced_ablation_results.csv
yearly,androzoo_year_imbalanced_9to1,yearly_ablation_baselines,2020,Proposed,Proposed,Proposed,,,3330,1499,0.45015015015015014,0.9562727272727272,0.9212121212121211,0.0086666666666666,0.0085208333333333,0.9646727272727272,0.9250477707705832,0.0967311541027351,2.8424,results/performance/yearly/yearly_imbalanced_ablation_results.csv
yearly,androzoo_year_imbalanced_9to1,yearly_ablation_baselines,2021,Proposed,Proposed,Proposed,,,3333,994,0.2982298229822982,0.8184521299095583,0.5225225225225225,0.0053333333333333,0.0696398230088495,0.9352922922922924,0.7481386109155077,0.1116700201207243,2.9069,results/performance/yearly/yearly_imbalanced_ablation_results.csv
yearly,androzoo_year_imbalanced_9to1,yearly_ablation_baselines,2022,Proposed,Proposed,Proposed,,,3331,989,0.2969078354848394,0.9493014875850668,0.9697885196374624,0.018,0.007114953271028,0.9840080563947632,0.9478017060586388,0.0950455005055611,2.8997,results/performance/yearly/yearly_imbalanced_ablation_results.csv
yearly,androzoo_year_imbalanced_9to1,yearly_ablation_baselines,2023,Proposed,Proposed,Proposed,,,3362,1510,0.4491374182034503,0.9398918707101878,0.8314917127071824,0.004,0.0683333333333333,0.954005985267035,0.9082514391745444,0.1072847682119205,2.7106,results/performance/yearly/yearly_imbalanced_ablation_results.csv
