f1,tpr,fpr,fpr_at_tpr90,auc_roc,auc_pr,month,method,updated,total,time_sec,n_clusters,n_new_clusters,n_pruned,drift_score,ks_stat,ks_score,perf_score,novelty_score,ks_pvalue,drift_detected,emergency_flag,drift_applied,actual_frac,loss_mode,loss_before,loss_after,loss_delta,mal_rate_selected,imbalanced
0.8090006871533418,0.6364,0.0062,0.2006,0.94027102,0.9513689215414176,2017,Static,0,10000,4.6306,,,,,,,,,,,,,,,,,,,False
0.9005746189022068,0.824,0.0216666666666666,0.0516666666666666,0.9514059444444444,0.9617599974462204,2018,Static,0,6000,2.6677,,,,,,,,,,,,,,,,,,,False
0.4814933570947082,0.9583333333333334,0.833,0.756558533145275,0.5754527777777778,0.7579560703544639,2019,Static,0,6000,2.3022,,,,,,,,,,,,,,,,,,,False
0.4423414436821284,0.959,0.8786666666666667,0.7991596638655463,0.5516041666666667,0.7523530375054652,2020,Static,0,6000,2.4756,,,,,,,,,,,,,,,,,,,False
0.481687202279558,0.9833333333333332,0.843,0.7467168262653898,0.5836091666666667,0.7670932532679817,2021,Static,0,6000,3.4101,,,,,,,,,,,,,,,,,,,False
0.4741573565413016,0.998,0.8573333333333333,0.7080121703853954,0.6056712777777779,0.7764696406649527,2022,Static,0,6000,2.227,,,,,,,,,,,,,,,,,,,False
0.4250233042971964,0.995,0.9096666666666666,0.786648313833448,0.5618515,0.7591793775214162,2023,Static,0,6000,2.1553,,,,,,,,,,,,,,,,,,,False
0.8090006871533418,0.6364,0.0062,0.2006,0.94027102,0.9513689215414176,2017,FullUpdate,10000,10000,4.6623,,,,,,,,,,,,,,,,,,,False
0.934580305400941,0.971,0.1016666666666666,0.0884647887323943,0.953596,0.9539592651091392,2018,FullUpdate,6000,6000,2.5731,,,,,,,,,,,,,,,,,,,False
0.5327955239129664,0.969,0.7743333333333333,0.7743333333333333,0.3145362222222222,0.4520124781850352,2019,FullUpdate,6000,6000,2.249,,,,,,,,,,,,,,,,,,,False
0.92572964766524,0.8656666666666667,0.0136666666666666,0.0296274509803921,0.9583766111111112,0.9708977854170384,2020,FullUpdate,6000,6000,2.597,,,,,,,,,,,,,,,,,,,False
0.9347059646212648,0.8906666666666667,0.021,0.037,0.9599898333333332,0.9628836439250308,2021,FullUpdate,6000,6000,3.4968,,,,,,,,,,,,,,,,,,,False
0.8858119879223441,0.989,0.215,0.1194609656777196,0.8777631666666666,0.520727380809502,2022,FullUpdate,6000,6000,2.2622,,,,,,,,,,,,,,,,,,,False
0.910958199821583,0.8893333333333333,0.0673333333333333,0.081,0.9278312777777776,0.6868699618761751,2023,FullUpdate,6000,6000,2.1933,,,,,,,,,,,,,,,,,,,False
0.8090006871533418,0.6364,0.0062,0.2006,0.94027102,0.9513689215414176,2017,Proposed,2977,10000,5.6041,25.0,5.0,0.0,0.1094,0.256,0.1733,0.1335,0.0,0.0,False,False,False,0.3,drift_reg,4.989496,0.576874,-4.412622,0.5112529392005375,False
0.9161389902039616,0.898,0.0656666666666666,0.066056338028169,0.9662607777777776,0.966119614840612,2018,Proposed,1792,6000,3.243,27.0,2.0,0.0,0.3758,0.187,0.0967,0.1237,1.0,0.0,True,False,False,0.3,drift_reg,1.140042,1.278887,0.138846,0.49609375,False
0.4407546128742221,0.996,0.8933333333333333,0.887,0.2161810555555555,0.4342802495696253,2019,Proposed,2701,6000,2.8575,28.0,1.0,0.0,0.3585,0.4567,0.3963,0.0,0.6667,0.0,True,False,True,0.45,drift_reg,12.303434,1.188738,-11.114695,0.5001851166234728,False
0.9416152816273078,0.912,0.0286666666666666,0.0191559633027522,0.9669766666666668,0.9735017031414224,2020,Proposed,2699,6000,3.0232,29.0,1.0,0.0,0.2594,0.4204,0.3561,0.0567,0.3333,0.0,False,False,True,0.45,drift_reg,1.487294,1.237342,-0.249951,0.4957391626528344,False
0.9211460573125904,0.905,0.0626666666666666,0.0473158089596445,0.9482007222222222,0.9554169546435466,2021,Proposed,1801,6000,4.0282,29.0,1.0,1.0,0.1999,0.2448,0.1609,0.1186,0.3333,0.0,False,False,False,0.3,drift_reg,2.064448,2.013988,-0.05046,0.5008328706274292,False
0.8506348401627111,0.992,0.285,0.1578839590443686,0.9087617777777778,0.9215587996472367,2022,Proposed,1786,6000,2.8834,32.0,4.0,1.0,0.2477,0.3577,0.2863,0.1105,0.3333,0.0,False,False,False,0.3,drift_reg,3.292371,0.527536,-2.764835,0.486562150055991,False
0.9234984072351646,0.8576666666666667,0.01,0.0543333333333333,0.9685938888888888,0.9765782640811832,2023,Proposed,2696,6000,2.8512,37.0,5.0,0.0,0.5515,0.4619,0.4022,0.3021,1.0,0.0,True,True,True,0.45,drift_reg,1.81526,1.39968,-0.41558,0.5025964391691394,False
0.8431463187086362,0.5565068493150684,0.0008,0.1476,0.9494363013698632,0.8189521291013282,2017,Static,0,5584,2.9554,,,,,,,,,,,,,,,,,,,True
0.7907216102864718,0.4808917197452229,0.0093333333333333,0.062,0.961991507430998,0.808322148152663,2018,Static,0,3314,1.8676,,,,,,,,,,,,,,,,,,,True
0.2607166685085813,0.0610932475884244,0.63,0.735,0.3507293676312969,0.0972551029170383,2019,Static,0,3311,2.0464,,,,,,,,,,,,,,,,,,,True
0.2277741410269241,0.0666666666666666,0.6913333333333334,0.713,0.295369696969697,0.0934500494376623,2020,Static,0,3330,2.1906,,,,,,,,,,,,,,,,,,,True
0.316147105251341,0.3993993993993994,0.6263333333333333,0.642,0.4812287287287287,0.2683574115026428,2021,Static,0,3333,2.4367,,,,,,,,,,,,,,,,,,,True
0.2545016663828545,0.0211480362537764,0.628,0.6720666666666667,0.3369219536757301,0.0813537251020794,2022,Static,0,3331,2.3546,,,,,,,,,,,,,,,,,,,True
0.1905711432909717,0.0939226519337016,0.76,0.7862109253065774,0.2470810313075506,0.1100647772234926,2023,Static,0,3362,1.9567,,,,,,,,,,,,,,,,,,,True
0.8431463187086362,0.5565068493150684,0.0008,0.1476,0.9494363013698632,0.8189521291013282,2017,FullUpdate,5584,5584,2.8926,,,,,,,,,,,,,,,,,,,True
0.7798931901973541,0.4522292993630573,0.008,0.0218923076923076,0.969877388535032,0.8438837365829274,2018,FullUpdate,3314,3314,1.8842,,,,,,,,,,,,,,,,,,,True
0.3217945367932303,0.9710610932475884,0.7273333333333334,0.706,0.3391650589496249,0.1163100560881289,2019,FullUpdate,3311,3311,2.0793,,,,,,,,,,,,,,,,,,,True
0.9448383820501114,0.8757575757575757,0.0076666666666666,0.0616666666666666,0.9725176767676768,0.9151030444885936,2020,FullUpdate,3330,3330,2.227,,,,,,,,,,,,,,,,,,,True
0.8219787633783064,0.5255255255255256,0.0043333333333333,0.0679318584070796,0.9305720720720722,0.7561981445183045,2021,FullUpdate,3333,3333,2.3436,,,,,,,,,,,,,,,,,,,True
0.9604409736301434,0.9697885196374624,0.013,0.0055682242990654,0.9867165156092648,0.9551961250061756,2022,FullUpdate,3331,3331,2.2195,,,,,,,,,,,,,,,,,,,True
0.941384315536857,0.8314917127071824,0.0033333333333333,0.07,0.971762891344383,0.9129712416039526,2023,FullUpdate,3362,3362,2.0242,,,,,,,,,,,,,,,,,,,True
0.8431463187086362,0.5565068493150684,0.0008,0.1476,0.9494363013698632,0.8189521291013282,2017,Proposed,1660,5584,3.695,25.0,5.0,0.0,0.0863,0.2345,0.1494,0.0886,0.0,0.0,False,False,False,0.3,drift_reg,1.293335,0.490688,-0.802648,0.1560240963855421,True
0.8722886961689267,0.767515923566879,0.024,0.0369555555555555,0.957609872611465,0.8250585362392708,2018,Proposed,986,3314,2.547,27.0,2.0,0.0,0.3284,0.1326,0.0363,0.0463,1.0,0.0,False,False,False,0.3,drift_reg,0.942073,0.958601,0.016529,0.1095334685598377,True
0.5292579603602323,0.842443729903537,0.384,0.47,0.6408810289389069,0.1598443615522422,2019,Proposed,989,3311,2.6421,28.0,1.0,0.0,0.4437,0.6484,0.6093,0.0,0.6667,0.0,True,False,False,0.3,drift_reg,9.478777,0.451122,-9.027655,0.096056622851365,True
0.9562727272727272,0.9212121212121211,0.0086666666666666,0.0085208333333333,0.9646727272727272,0.9250477707705832,2020,Proposed,1499,3330,2.8243,29.0,1.0,0.0,0.3188,0.5266,0.474,0.0974,0.3333,0.0,False,False,True,0.45,drift_reg,0.389101,0.3807,-0.008401,0.0967311541027351,True
0.8184521299095583,0.5225225225225225,0.0053333333333333,0.0696398230088495,0.9352922922922924,0.7481386109155077,2021,Proposed,994,3333,2.9152,30.0,1.0,0.0,0.1317,0.0725,0.0,0.1057,0.3333,0.0,False,False,False,0.3,drift_reg,1.423527,0.399322,-1.024205,0.1116700201207243,True
0.9493014875850668,0.9697885196374624,0.018,0.007114953271028,0.9840080563947632,0.9478017060586388,2022,Proposed,989,3331,2.9155,35.0,5.0,0.0,0.1907,0.2042,0.1158,0.1478,0.3333,0.0,False,False,False,0.3,drift_reg,0.344319,0.139297,-0.205022,0.0950455005055611,True
0.9398918707101878,0.8314917127071824,0.004,0.0683333333333333,0.954005985267035,0.9082514391745444,2023,Proposed,1510,3362,2.776,36.0,2.0,1.0,0.7197,0.6687,0.6318,0.5564,1.0,0.0,True,True,True,0.45,drift_reg,0.537145,0.738835,0.201691,0.1072847682119205,True
