month,method,TP,FP,TN,FN,total,n_mal,n_gw,tpr,fpr,fnr,precision,f1
2016-01,Static,144,33,3397,246,3820,390,3430,0.3692,0.0096,0.6308,0.8136,0.7350407851336704
2016-02,Static,165,36,3947,288,4436,453,3983,0.3642,0.009,0.6358,0.8209,0.7325664958532623
2016-03,Static,212,48,5746,448,6454,660,5794,0.3212,0.0083,0.6788,0.8154,0.7100652587772225
2016-04,Static,202,47,6221,511,6981,713,6268,0.2833,0.0075,0.7167,0.8112,0.6891363446132509
2016-05,Static,162,26,4016,298,4502,460,4042,0.3522,0.0064,0.6478,0.8617,0.7305445497833962
2016-06,Static,111,23,2747,204,3085,315,2770,0.3524,0.0083,0.6476,0.8284,0.7280260953892268
2016-07,Static,147,24,3008,198,3377,345,3032,0.4261,0.0079,0.5739,0.8596,0.7670272362518347
2016-08,Static,194,34,4856,363,5447,557,4890,0.3483,0.007,0.6517,0.8509,0.7269503952914182
2016-09,Static,42,9,1361,114,1526,156,1370,0.2692,0.0066,0.7308,0.8235,0.682555317503356
2016-10,Static,29,5,748,57,839,86,753,0.3372,0.0066,0.6628,0.8529,0.7200882128417541
2016-11,Static,8,2,189,14,213,22,191,0.3636,0.0105,0.6364,0.8,0.7207957436965071
2016-12,Static,1,0,67,7,75,8,67,0.125,0.0,0.875,1.0,0.5862884160756501
2017-01,Static,67,48,4980,505,5600,572,5028,0.1171,0.0095,0.8829,0.5826,0.5699219619892225
2017-02,Static,95,42,4986,477,5600,572,5028,0.1661,0.0084,0.8339,0.6934,0.6088577129722844
2017-03,Static,49,51,4977,523,5600,572,5028,0.0857,0.0101,0.9143,0.49,0.5440727008644707
2017-04,Static,49,98,4930,523,5600,572,5028,0.0857,0.0195,0.9143,0.3333,0.5372786417562536
2017-05,Static,58,71,4957,514,5600,572,5028,0.1014,0.0141,0.8986,0.4496,0.5541969175901159
2017-06,Static,106,40,4988,466,5600,572,5028,0.1853,0.008,0.8147,0.726,0.6224895023052175
2017-07,Static,170,41,4987,402,5600,572,5028,0.2972,0.0082,0.7028,0.8057,0.6950378609178339
2017-08,Static,149,38,4990,423,5600,572,5028,0.2605,0.0076,0.7395,0.7968,0.6733138360885578
2017-09,Static,163,63,4965,409,5600,572,5028,0.285,0.0125,0.715,0.7212,0.6813045415490876
2017-10,Static,168,66,4962,404,5600,572,5028,0.2937,0.0131,0.7063,0.7179,0.6853729133596806
2017-11,Static,152,56,4972,420,5600,572,5028,0.2657,0.0111,0.7343,0.7308,0.6711632811600025
2017-12,Static,150,79,4949,422,5600,572,5028,0.2622,0.0157,0.7378,0.655,0.6626157161613905
2018-01,Static,162,83,4945,410,5600,572,5028,0.2832,0.0165,0.7168,0.6612,0.6745068060912367
2018-02,Static,133,96,4932,439,5600,572,5028,0.2325,0.0191,0.7675,0.5808,0.6408918776051371
2018-03,Static,181,633,4395,391,5600,572,5028,0.3164,0.1259,0.6836,0.2224,0.5807839320297028
2018-04,Static,152,200,4828,420,5600,572,5028,0.2657,0.0398,0.7343,0.4318,0.6347268747663537
2018-05,Static,128,161,4867,444,5600,572,5028,0.2238,0.032,0.7762,0.4429,0.6195174853075314
2018-06,Static,176,47,4981,396,5600,572,5028,0.3077,0.0093,0.6923,0.7892,0.7000756766381766
2018-07,Static,181,58,4970,391,5600,572,5028,0.3164,0.0115,0.6836,0.7573,0.7014522761074334
2018-08,Static,174,53,4975,398,5600,572,5028,0.3042,0.0105,0.6958,0.7665,0.6962248785361178
2018-09,Static,170,38,4990,402,5600,572,5028,0.2972,0.0076,0.7028,0.8173,0.695987794193178
2018-10,Static,63,45,4945,505,5558,568,4990,0.1109,0.009,0.8891,0.5833,0.5673503920551546
2018-11,Static,52,85,4796,504,5437,556,4881,0.0935,0.0174,0.9065,0.3796,0.5491402391758383
2018-12,Static,5,17,797,88,907,93,814,0.0538,0.0209,0.9462,0.2273,0.5177242112725984
2016-01,FullUpdate,144,33,3397,246,3820,390,3430,0.3692,0.0096,0.6308,0.8136,0.7350407851336704
2016-02,FullUpdate,345,37,3946,108,4436,453,3983,0.7616,0.0093,0.2384,0.9031,0.9044676583069664
2016-03,FullUpdate,578,105,5689,82,6454,660,5794,0.8758,0.0181,0.1242,0.8463,0.9210895072360223
2016-04,FullUpdate,608,86,6182,105,6981,713,6268,0.8527,0.0137,0.1473,0.8761,0.9205723479328376
2016-05,FullUpdate,308,10,4032,152,4502,460,4042,0.6696,0.0025,0.3304,0.9686,0.8864292020971515
2016-06,FullUpdate,306,187,2583,9,3085,315,2770,0.9714,0.0675,0.0286,0.6207,0.847628327166924
2016-07,FullUpdate,264,28,3004,81,3377,345,3032,0.7652,0.0092,0.2348,0.9041,0.9053929121725732
2016-08,FullUpdate,491,222,4668,66,5447,557,4890,0.8815,0.0454,0.1185,0.6886,0.8723384878313553
2016-09,FullUpdate,122,24,1346,34,1526,156,1370,0.7821,0.0175,0.2179,0.8356,0.8926475317575173
2016-10,FullUpdate,57,4,749,29,839,86,753,0.6628,0.0053,0.3372,0.9344,0.8784177336493378
2016-11,FullUpdate,15,6,185,7,213,22,191,0.6818,0.0314,0.3182,0.7143,0.8384951881014873
2016-12,FullUpdate,1,0,67,7,75,8,67,0.125,0.0,0.875,1.0,0.5862884160756501
2017-01,FullUpdate,344,139,4889,228,5600,572,5028,0.6014,0.0276,0.3986,0.7122,0.8098189180991728
2017-02,FullUpdate,454,13,5015,118,5600,572,5028,0.7937,0.0026,0.2063,0.9722,0.9303234555569996
2017-03,FullUpdate,468,14,5014,104,5600,572,5028,0.8182,0.0028,0.1818,0.971,0.9382517665884504
2017-04,FullUpdate,529,370,4658,43,5600,572,5028,0.9248,0.0736,0.0752,0.5884,0.8430730860232658
2017-05,FullUpdate,510,596,4432,62,5600,572,5028,0.8916,0.1185,0.1084,0.4611,0.7748725287787788
2017-06,FullUpdate,469,36,4992,103,5600,572,5028,0.8199,0.0072,0.1801,0.9287,0.9290216821861321
2017-07,FullUpdate,507,35,4993,65,5600,572,5028,0.8864,0.007,0.1136,0.9354,0.9507366906005383
2017-08,FullUpdate,521,28,5000,51,5600,572,5028,0.9108,0.0056,0.0892,0.949,0.9609872933439496
2017-09,FullUpdate,545,92,4936,27,5600,572,5028,0.9528,0.0183,0.0472,0.8556,0.9469022219236933
2017-10,FullUpdate,497,19,5009,75,5600,572,5028,0.8689,0.0038,0.1311,0.9632,0.9521467685117366
2017-11,FullUpdate,499,19,5009,73,5600,572,5028,0.8724,0.0038,0.1276,0.9633,0.9531961558164049
2017-12,FullUpdate,488,36,4992,84,5600,572,5028,0.8531,0.0072,0.1469,0.9313,0.9398251045781449
2018-01,FullUpdate,539,142,4886,33,5600,572,5028,0.9423,0.0282,0.0577,0.7915,0.9237244036403023
2018-02,FullUpdate,481,92,4936,91,5600,572,5028,0.8409,0.0183,0.1591,0.8394,0.9129445211881803
2018-03,FullUpdate,504,831,4197,68,5600,572,5028,0.8811,0.1653,0.1189,0.3775,0.7220755257213756
2018-04,FullUpdate,420,33,4995,152,5600,572,5028,0.7343,0.0066,0.2657,0.9272,0.9011339800083198
2018-05,FullUpdate,519,42,4986,53,5600,572,5028,0.9073,0.0084,0.0927,0.9251,0.9537915047095955
2018-06,FullUpdate,542,107,4921,30,5600,572,5028,0.9476,0.0213,0.0524,0.8351,0.9393727465797402
2018-07,FullUpdate,530,67,4961,42,5600,572,5028,0.9266,0.0133,0.0734,0.8878,0.9490569929808306
2018-08,FullUpdate,543,109,4919,29,5600,572,5028,0.9493,0.0217,0.0507,0.8328,0.9390551465752115
2018-09,FullUpdate,492,27,5001,80,5600,572,5028,0.8601,0.0054,0.1399,0.948,0.9459250252563016
2018-10,FullUpdate,390,23,4967,178,5558,568,4990,0.6866,0.0046,0.3134,0.9443,0.88755113151467
2018-11,FullUpdate,500,220,4661,56,5437,556,4881,0.8993,0.0451,0.1007,0.6944,0.8588139157615398
2018-12,FullUpdate,67,5,809,26,907,93,814,0.7204,0.0061,0.2796,0.9306,0.8919214902997736
2016-01,Proposed,144,33,3397,246,3820,390,3430,0.3692,0.0096,0.6308,0.8136,0.7350407851336704
2016-02,Proposed,358,91,3892,95,4436,453,3983,0.7903,0.0228,0.2097,0.7973,0.8873815611691666
2016-03,Proposed,563,246,5548,97,6454,660,5794,0.853,0.0425,0.147,0.6959,0.865814773069713
2016-04,Proposed,504,18,6250,209,6981,713,6268,0.7069,0.0029,0.2931,0.9655,0.8997014725521103
2016-05,Proposed,371,31,4011,89,4502,460,4042,0.8065,0.0077,0.1935,0.9229,0.9231905900968843
2016-06,Proposed,258,45,2725,57,3085,315,2770,0.819,0.0162,0.181,0.8515,0.9044995124367329
2016-07,Proposed,261,36,2996,84,3377,345,3032,0.7565,0.0119,0.2435,0.8788,0.8967278287461773
2016-08,Proposed,425,63,4827,132,5447,557,4890,0.763,0.0129,0.237,0.8709,0.89679851590384
2016-09,Proposed,121,14,1356,35,1526,156,1370,0.7756,0.0102,0.2244,0.8963,0.9066939864051777
2016-10,Proposed,66,15,738,20,839,86,753,0.7674,0.0199,0.2326,0.8148,0.8812208527648234
2016-11,Proposed,14,1,190,8,213,22,191,0.6364,0.0052,0.3636,0.9333,0.8729874776386404
2016-12,Proposed,2,0,67,6,75,8,67,0.25,0.0,0.75,1.0,0.6785714285714286
2017-01,Proposed,451,477,4551,121,5600,572,5028,0.7885,0.0949,0.2115,0.486,0.774622851874057
2017-02,Proposed,462,80,4948,110,5600,572,5028,0.8077,0.0159,0.1923,0.8524,0.9065930188546096
2017-03,Proposed,451,13,5015,121,5600,572,5028,0.7885,0.0026,0.2115,0.972,0.928622178618628
2017-04,Proposed,469,68,4960,103,5600,572,5028,0.8199,0.0135,0.1801,0.8734,0.9153729907954389
2017-05,Proposed,471,20,5008,101,5600,572,5028,0.8234,0.004,0.1766,0.9593,0.9372007557269599
2017-06,Proposed,401,40,4988,171,5600,572,5028,0.701,0.008,0.299,0.9093,0.885995594320937
2017-07,Proposed,473,42,4986,99,5600,572,5028,0.8269,0.0084,0.1731,0.9184,0.928597353700554
2017-08,Proposed,544,59,4969,28,5600,572,5028,0.951,0.0117,0.049,0.9022,0.9598144025572652
2017-09,Proposed,503,58,4970,69,5600,572,5028,0.8794,0.0115,0.1206,0.8966,0.9387030164515042
2017-10,Proposed,490,36,4992,82,5600,572,5028,0.8566,0.0072,0.1434,0.9316,0.9408868699978369
2017-11,Proposed,477,42,4986,95,5600,572,5028,0.8339,0.0084,0.1661,0.9191,0.9307693138117656
2017-12,Proposed,498,51,4977,74,5600,572,5028,0.8706,0.0101,0.1294,0.9071,0.9385801558298987
2018-01,Proposed,522,158,4870,50,5600,572,5028,0.9126,0.0314,0.0874,0.7676,0.9093624823094602
2018-02,Proposed,541,143,4885,31,5600,572,5028,0.9458,0.0284,0.0542,0.7909,0.9243086541700255
2018-03,Proposed,473,844,4184,99,5600,572,5028,0.8269,0.1679,0.1731,0.3591,0.705440301431717
2018-04,Proposed,492,192,4836,80,5600,572,5028,0.8601,0.0382,0.1399,0.7193,0.880898529336587
2018-05,Proposed,499,32,4996,73,5600,572,5028,0.8724,0.0064,0.1276,0.9397,0.9473882679457593
2018-06,Proposed,517,92,4936,55,5600,572,5028,0.9038,0.0183,0.0962,0.8489,0.9321035979966655
2018-07,Proposed,512,108,4920,60,5600,572,5028,0.8951,0.0215,0.1049,0.8258,0.9231344604362087
2018-08,Proposed,413,37,4991,159,5600,572,5028,0.722,0.0074,0.278,0.9178,0.8946037955180781
2018-09,Proposed,456,31,4997,116,5600,572,5028,0.7972,0.0062,0.2028,0.9363,0.9234379231946903
2018-10,Proposed,393,149,4841,175,5558,568,4990,0.6919,0.0299,0.3081,0.7251,0.8371432804275691
2018-11,Proposed,468,86,4795,88,5437,556,4881,0.8417,0.0176,0.1583,0.8448,0.9042291215571624
2018-12,Proposed,67,9,805,26,907,93,814,0.7204,0.0111,0.2796,0.8816,0.8758547815755904
2016-01,Abl-Baseline,144,33,3397,246,3820,390,3430,0.3692,0.0096,0.6308,0.8136,0.7350407851336704
2016-02,Abl-Baseline,359,95,3888,94,4436,453,3983,0.7925,0.0239,0.2075,0.7907,0.8861342848520806
2016-03,Abl-Baseline,523,49,5745,137,6454,660,5794,0.7924,0.0085,0.2076,0.9143,0.9160361873255521
2016-04,Abl-Baseline,539,39,6229,174,6981,713,6268,0.756,0.0062,0.244,0.9325,0.907890833860115
2016-05,Abl-Baseline,351,25,4017,109,4502,460,4042,0.763,0.0062,0.237,0.9335,0.9116415417856893
2016-06,Abl-Baseline,267,45,2725,48,3085,315,2770,0.8476,0.0162,0.1524,0.8558,0.9135854341736694
2016-07,Abl-Baseline,303,73,2959,42,3377,345,3032,0.8783,0.0241,0.1217,0.8059,0.9113463749355011
2016-08,Abl-Baseline,450,86,4804,107,5447,557,4890,0.8079,0.0176,0.1921,0.8396,0.9023864702026543
2016-09,Abl-Baseline,113,12,1358,43,1526,156,1370,0.7244,0.0088,0.2756,0.904,0.8912338033472522
2016-10,Abl-Baseline,54,8,745,32,839,86,753,0.6279,0.0106,0.3721,0.871,0.8519320081738807
2016-11,Abl-Baseline,15,3,188,7,213,22,191,0.6818,0.0157,0.3182,0.8333,0.8679315476190477
2016-12,Abl-Baseline,2,0,67,6,75,8,67,0.25,0.0,0.75,1.0,0.6785714285714286
2017-01,Abl-Baseline,556,2275,2753,16,5600,572,5028,0.972,0.4525,0.028,0.1964,0.5222933095273521
2017-02,Abl-Baseline,544,313,4715,28,5600,572,5028,0.951,0.0623,0.049,0.6348,0.8677968370671006
2017-03,Abl-Baseline,494,149,4879,78,5600,572,5028,0.8636,0.0296,0.1364,0.7683,0.8975863129514193
2017-04,Abl-Baseline,515,101,4927,57,5600,572,5028,0.9003,0.0201,0.0997,0.836,0.9274517424536857
2017-05,Abl-Baseline,487,92,4936,85,5600,572,5028,0.8514,0.0183,0.1486,0.8411,0.9161229916532392
2017-06,Abl-Baseline,386,40,4988,186,5600,572,5028,0.6748,0.008,0.3252,0.9061,0.8759891537626125
2017-07,Abl-Baseline,521,46,4982,51,5600,572,5028,0.9108,0.0091,0.0892,0.9189,0.9530576880777257
2017-08,Abl-Baseline,492,28,5000,80,5600,572,5028,0.8601,0.0056,0.1399,0.9462,0.945480136410924
2017-09,Abl-Baseline,444,46,4982,128,5600,572,5028,0.7762,0.0091,0.2238,0.9061,0.9101432573211851
2017-10,Abl-Baseline,491,14,5014,81,5600,572,5028,0.8584,0.0028,0.1416,0.9723,0.9512407873979598
2017-11,Abl-Baseline,503,66,4962,69,5600,572,5028,0.8794,0.0131,0.1206,0.884,0.9353151927938714
2017-12,Abl-Baseline,521,64,4964,51,5600,572,5028,0.9108,0.0127,0.0892,0.8906,0.9453337635155816
2018-01,Abl-Baseline,519,156,4872,53,5600,572,5028,0.9073,0.031,0.0927,0.7689,0.908128190409146
2018-02,Abl-Baseline,521,146,4882,51,5600,572,5028,0.9108,0.029,0.0892,0.7811,0.9133826872865034
2018-03,Abl-Baseline,461,823,4205,111,5600,572,5028,0.8059,0.1637,0.1941,0.359,0.7042431249984451
2018-04,Abl-Baseline,540,482,4546,32,5600,572,5028,0.9441,0.0959,0.0559,0.5284,0.8172283643408264
2018-05,Abl-Baseline,389,36,4992,183,5600,572,5028,0.6801,0.0072,0.3199,0.9153,0.8795797060115078
2018-06,Abl-Baseline,492,46,4982,80,5600,572,5028,0.8601,0.0091,0.1399,0.9145,0.9375865686295691
2018-07,Abl-Baseline,486,68,4960,86,5600,572,5028,0.8497,0.0135,0.1503,0.8773,0.9250545235117715
2018-08,Abl-Baseline,427,29,4999,145,5600,572,5028,0.7465,0.0058,0.2535,0.9364,0.9070302502983039
2018-09,Abl-Baseline,517,91,4937,55,5600,572,5028,0.9038,0.0181,0.0962,0.8503,0.9325113089158032
2018-10,Abl-Baseline,423,109,4881,145,5558,568,4990,0.7447,0.0218,0.2553,0.7951,0.871609468992399
2018-11,Abl-Baseline,513,491,4390,43,5437,556,4881,0.9227,0.1006,0.0773,0.511,0.7719032294430066
2018-12,Abl-Baseline,62,16,798,31,907,93,814,0.6667,0.0197,0.3333,0.7949,0.8287099211012254
2016-01,ADWIN+Retrain,144,33,3397,246,3820,390,3430,0.3692,0.0096,0.6308,0.8136,0.7350407851336704
2016-02,ADWIN+Retrain,165,36,3947,288,4436,453,3983,0.3642,0.009,0.6358,0.8209,0.7325664958532623
2016-03,ADWIN+Retrain,212,48,5746,448,6454,660,5794,0.3212,0.0083,0.6788,0.8154,0.7100652587772225
2016-04,ADWIN+Retrain,202,47,6221,511,6981,713,6268,0.2833,0.0075,0.7167,0.8112,0.6891363446132509
2016-05,ADWIN+Retrain,162,26,4016,298,4502,460,4042,0.3522,0.0064,0.6478,0.8617,0.7305445497833962
2016-06,ADWIN+Retrain,111,23,2747,204,3085,315,2770,0.3524,0.0083,0.6476,0.8284,0.7280260953892268
2016-07,ADWIN+Retrain,147,24,3008,198,3377,345,3032,0.4261,0.0079,0.5739,0.8596,0.7670272362518347
2016-08,ADWIN+Retrain,194,34,4856,363,5447,557,4890,0.3483,0.007,0.6517,0.8509,0.7269503952914182
2016-09,ADWIN+Retrain,130,41,1329,26,1526,156,1370,0.8333,0.0299,0.1667,0.7602,0.8821869736103313
2016-10,ADWIN+Retrain,64,20,733,22,839,86,753,0.7442,0.0266,0.2558,0.7619,0.8591572939399026
2016-11,ADWIN+Retrain,11,5,186,11,213,22,191,0.5,0.0262,0.5,0.6875,0.7600874577618764
2016-12,ADWIN+Retrain,1,1,66,7,75,8,67,0.125,0.0149,0.875,0.5,0.5714285714285714
2017-01,ADWIN+Retrain,255,84,4944,317,5600,572,5028,0.4458,0.0167,0.5542,0.7522,0.7612159617945539
2017-02,ADWIN+Retrain,288,101,4927,284,5600,572,5028,0.5035,0.0201,0.4965,0.7404,0.7818835754652688
2017-03,ADWIN+Retrain,508,171,4857,64,5600,572,5028,0.8881,0.034,0.1119,0.7482,0.8970826993086349
2017-04,ADWIN+Retrain,532,200,4828,40,5600,572,5028,0.9301,0.0398,0.0699,0.7268,0.8989589764909671
2017-05,ADWIN+Retrain,521,214,4814,51,5600,572,5028,0.9108,0.0426,0.0892,0.7088,0.8882003098717736
2017-06,ADWIN+Retrain,484,169,4859,88,5600,572,5028,0.8462,0.0336,0.1538,0.7412,0.8850195656266624
2017-07,ADWIN+Retrain,493,149,4879,79,5600,572,5028,0.8619,0.0296,0.1381,0.7679,0.8970700859937419
2017-08,ADWIN+Retrain,500,155,4873,72,5600,572,5028,0.8741,0.0308,0.1259,0.7634,0.8989357598208016
2017-09,ADWIN+Retrain,502,201,4827,70,5600,572,5028,0.8776,0.04,0.1224,0.7141,0.8833108129613843
2017-10,ADWIN+Retrain,501,189,4839,71,5600,572,5028,0.8759,0.0376,0.1241,0.7261,0.8870533518950126
2017-11,ADWIN+Retrain,488,188,4840,84,5600,572,5028,0.8531,0.0374,0.1469,0.7219,0.8802618595379865
2017-12,ADWIN+Retrain,477,207,4821,95,5600,572,5028,0.8339,0.0412,0.1661,0.6974,0.8673844745109802
2018-01,ADWIN+Retrain,512,128,4900,60,5600,572,5028,0.8951,0.0255,0.1049,0.8,0.9152805805254898
2018-02,ADWIN+Retrain,507,80,4948,65,5600,572,5028,0.8864,0.0159,0.1136,0.8637,0.9315350037206364
2018-03,ADWIN+Retrain,471,828,4200,101,5600,572,5028,0.8234,0.1647,0.1766,0.3626,0.7076566107036769
2018-04,ADWIN+Retrain,492,352,4676,80,5600,572,5028,0.8601,0.07,0.1399,0.5829,0.8296851782657433
2018-05,ADWIN+Retrain,490,232,4796,82,5600,572,5028,0.8566,0.0461,0.1434,0.6787,0.8660729273348309
2018-06,ADWIN+Retrain,535,73,4955,37,5600,572,5028,0.9353,0.0145,0.0647,0.8799,0.9490000198405535
2018-07,ADWIN+Retrain,512,83,4945,60,5600,572,5028,0.8951,0.0165,0.1049,0.8605,0.9328493051677125
2018-08,ADWIN+Retrain,521,80,4948,51,5600,572,5028,0.9108,0.0159,0.0892,0.8669,0.9391347673763988
2018-09,ADWIN+Retrain,525,85,4943,47,5600,572,5028,0.9178,0.0169,0.0822,0.8607,0.9390686731131751
2018-10,ADWIN+Retrain,400,104,4886,168,5558,568,4990,0.7042,0.0208,0.2958,0.7937,0.859143395901117
2018-11,ADWIN+Retrain,469,65,4816,87,5437,556,4881,0.8435,0.0133,0.1565,0.8783,0.9159310873036408
2018-12,ADWIN+Retrain,52,19,795,41,907,93,814,0.5591,0.0233,0.4409,0.7324,0.7803815007129598
