month,method,selection_variant,inspired_by,total,updated,review_ratio_target,actual_frac,uses_cluster,loss_mode,loss_before,loss_after,loss_delta,mal_rate_selected,time_sec,f1,tpr,fpr,fpr_at_tpr90,auc_roc,auc_pr,selection_score_mean,closest_malware_rate,drift_score,ks_stat,n_clusters
2016-01,Random selection,Random selection,naive baseline,3820,1271,0.3327381546720546,0.3327225130890052,False,standard,1.3868637957052394,0.8975952279319283,-0.4892685677733112,0.083398898505114,1.6546,0.7350407851336704,0.3702623906705539,0.0094909404659188,0.1541558815070463,0.9210580818053832,0.713967937985939,,,,,
2016-02,Random selection,Random selection,naive baseline,4436,1476,0.3327381546720546,0.3327321911632101,False,standard,0.9649404046953384,0.5844134108342265,-0.3805269938611119,0.1212737127371273,2.4636,0.8954756332489533,0.8511530398322851,0.0287951502904773,0.122253094215711,0.9485239956938072,0.8308725141389375,,,,,
2016-03,Random selection,Random selection,naive baseline,6454,2147,0.3327381546720546,0.3326619150914162,False,standard,0.6611771878981799,0.5970769933571356,-0.0641001945410443,0.1052631578947368,3.1999,0.914876844719138,0.8220472440944881,0.0132325141776937,0.0531019075442515,0.970822976050489,0.8850162837601179,,,,,
2016-04,Random selection,Random selection,naive baseline,6981,2322,0.3327381546720546,0.3326171035668242,False,standard,0.7958904507284601,0.3368385385971235,-0.4590519121313366,0.0917312661498708,4.5583,0.8940610940512748,0.8120915032679739,0.0193122939236928,0.0640602920395666,0.96466352543006,0.8521871021809592,,,,,
2016-05,Random selection,Random selection,naive baseline,4502,1497,0.3327381546720546,0.3325188804975566,False,standard,0.6115717196425289,0.6285459585548989,0.01697423891237,0.104876419505678,2.6091,0.9220350524965584,0.7920353982300885,0.0059259259259259,0.1466666666666666,0.9492002622091118,0.8863806974402839,,,,,
2016-06,Random selection,Random selection,naive baseline,3085,1026,0.3327381546720546,0.3325769854132901,False,standard,1.0236513661625846,0.5794252226299019,-0.4442261435326826,0.0867446393762183,1.9575,0.8768293183256883,0.9244604316546764,0.0441752760954756,0.0366939793373708,0.9699517906159576,0.8377303017407627,,,,,
2016-07,Random selection,Random selection,naive baseline,3377,1123,0.3327381546720546,0.3325436778205508,False,standard,0.6772848077488558,0.7114195322119112,0.0341347244630554,0.1068566340160284,2.3958,0.916459140760287,0.875,0.0211570247933884,0.0264462809917355,0.9794243050338092,0.8860228118727249,,,,,
2016-08,Random selection,Random selection,naive baseline,5447,1812,0.3327381546720546,0.3326601799155498,False,standard,1.01877020735015,0.6552726311905163,-0.3634975761596338,0.1059602649006622,3.0695,0.8692573568239643,0.7641843971631206,0.0268277698136391,0.1091542084783944,0.949317032750765,0.808374908557956,,,,,
2016-09,Random selection,Random selection,naive baseline,1526,507,0.3327381546720546,0.3322411533420707,False,standard,0.8451282903955835,0.8164992357927976,-0.0286290546027858,0.1025641025641025,0.7597,0.8941530300255809,0.7027027027027027,0.0043541364296081,0.2576197387518142,0.9320328129290392,0.8383577119652398,,,,,
2016-10,Random selection,Random selection,naive baseline,839,279,0.3327381546720546,0.33253873659118,False,standard,0.8087239947897027,0.6125006559199171,-0.1962233388697856,0.1003584229390681,0.4192,0.8851129297290331,0.8024691358024691,0.0237467018469656,0.3178100263852242,0.9286703149939738,0.8181305177901749,,,,,
2016-11,Random selection,Random selection,naive baseline,213,70,0.3327381546720546,0.3286384976525822,False,standard,1.5664832149210552,2.0746424032337725,0.5081591883127172,0.1,0.132,0.8165374677002584,0.5652173913043478,0.0157894736842105,0.3789473684210526,0.8771167048054919,0.6976837088387249,,,,,
2016-12,Random selection,Random selection,naive baseline,75,24,0.3327381546720546,0.32,False,standard,2.118187827274774,2.418094012709743,0.2999061854349691,0.125,0.0675,0.6685415829650462,0.5,0.1044776119402985,0.7014925373134329,0.7966417910447761,0.4727609097654829,,,,,
2017-01,Random selection,Random selection,naive baseline,5600,1863,0.3327381546720546,0.3326785714285714,False,standard,2.6496047279701207,0.4651871261832822,-2.1844176017868384,0.1068169618894256,2.9069,0.69156726636713,0.52,0.09,0.2774,0.8622179999999999,0.5373192322388017,,,,,
2017-02,Random selection,Random selection,naive baseline,5600,1863,0.3327381546720546,0.3326785714285714,False,standard,0.534157653952003,0.5982511045718761,0.0640934506198731,0.1084272678475577,3.1683,0.9291489134549124,0.835,0.0094,0.0252,0.9685381666666668,0.9020643253173188,,,,,
2017-03,Random selection,Random selection,naive baseline,5600,1863,0.3327381546720546,0.3326785714285714,False,standard,0.9947157450407392,0.5733570855685128,-0.4213586594722264,0.1084272678475577,3.0658,0.7998350155279503,0.4716666666666667,0.0026,0.1748,0.940594,0.8484586109556449,,,,,
2017-04,Random selection,Random selection,naive baseline,5600,1863,0.3327381546720546,0.3326785714285714,False,standard,0.5635345259465223,0.3504886968946344,-0.2130458290518879,0.1025228126677402,2.8838,0.9252779644541396,0.91,0.0226,0.0164,0.964019,0.9142989013054298,,,,,
2017-05,Random selection,Random selection,naive baseline,5600,1863,0.3327381546720546,0.3326785714285714,False,standard,0.7181519318333226,0.4665797669405417,-0.2515721648927809,0.1100375738056897,2.7424,0.9035034862016612,0.7733333333333333,0.0118,0.4906,0.9167293333333332,0.8464459795737669,,,,,
2017-06,Random selection,Random selection,naive baseline,5600,1863,0.3327381546720546,0.3326785714285714,False,standard,0.733071521918237,0.4356940702623798,-0.2973774516558572,0.1009125067096081,2.605,0.9068033240591546,0.835,0.0202,0.1174,0.9613978333333332,0.8776711364024332,,,,,
2017-07,Random selection,Random selection,naive baseline,5600,1863,0.3327381546720546,0.3326785714285714,False,standard,0.5089350982276518,0.3133137472854759,-0.1956213509421759,0.1019860440150295,3.027,0.935871512111468,0.95,0.0232,0.0086,0.9754208333333334,0.9283284878598768,,,,,
2017-08,Random selection,Random selection,naive baseline,5600,1863,0.3327381546720546,0.3326785714285714,False,standard,0.3524408174259048,0.7742964323310012,0.4218556149050964,0.1132581857219538,2.8289,0.9462871891458268,0.8583333333333333,0.005,0.0066,0.9805331666666668,0.9289474420590588,,,,,
2017-09,Random selection,Random selection,naive baseline,5600,1863,0.3327381546720546,0.3326785714285714,False,standard,0.896924574207313,0.368435165395445,-0.5284894088118679,0.1100375738056897,3.1801,0.8762024568574291,0.9533333333333334,0.0572,0.0145573770491803,0.9802581666666668,0.9117275768077964,,,,,
2017-10,Random selection,Random selection,naive baseline,5600,1863,0.3327381546720546,0.3326785714285714,False,standard,0.3273594779308356,1.070449293801438,0.7430898158706024,0.1121846484165324,2.7863,0.9601872703815456,0.925,0.008,0.0046,0.9824793333333334,0.9516945587236764,,,,,
2017-11,Random selection,Random selection,naive baseline,5600,1863,0.3327381546720546,0.3326785714285714,False,standard,1.1812629603205185,0.3921113581620945,-0.789151602158424,0.0998389694041868,3.2346,0.8086945070472775,0.4866666666666667,0.0018,0.0646,0.9584248333333334,0.8679071692322123,,,,,
2017-12,Random selection,Random selection,naive baseline,5600,1863,0.3327381546720546,0.3326785714285714,False,standard,0.5024787209669748,0.3633290186549537,-0.139149702312021,0.1073537305421363,2.7142,0.9420466956562198,0.8866666666666667,0.011,0.0188,0.9774318333333334,0.9171026880702048,,,,,
2018-01,Random selection,Random selection,naive baseline,5600,1863,0.3327381546720546,0.3326785714285714,False,standard,1.056736180042232,0.3205601820065114,-0.7361759980357208,0.1035963499731615,2.7042,0.8803313806297304,0.8466666666666667,0.0362,0.0384,0.952492,0.7116988465874159,,,,,
2018-02,Random selection,Random selection,naive baseline,5600,1863,0.3327381546720546,0.3326785714285714,False,standard,0.5064402800291933,0.402756834390558,-0.1036834456386353,0.109500805152979,2.8925,0.9363927147446314,0.8766666666666667,0.0122,0.0136,0.9749583333333331,0.896719880176028,,,,,
2018-03,Random selection,Random selection,naive baseline,5600,1863,0.3327381546720546,0.3326785714285714,False,standard,4.337758275042658,0.8331394311946324,-3.504618843848025,0.0950080515297906,3.4258,0.716488959305728,0.8566666666666667,0.1644,0.173,0.8700881666666667,0.5669028400369914,,,,,
2018-04,Random selection,Random selection,naive baseline,5600,1863,0.3327381546720546,0.3326785714285714,False,standard,0.9197874172746394,1.0349070318455844,0.115119614570945,0.1159420289855072,2.6392,0.885516571826932,0.7716666666666666,0.0204,0.1892,0.9491355,0.8097355840210365,,,,,
2018-05,Random selection,Random selection,naive baseline,5600,1863,0.3327381546720546,0.3326785714285714,False,standard,0.9636119780705692,0.365897008767983,-0.5977149693025863,0.1030595813204508,2.8503,0.8913591743297249,0.86,0.0324,0.037,0.9564398333333332,0.8129563571733438,,,,,
2018-06,Random selection,Random selection,naive baseline,5600,1863,0.3327381546720546,0.3326785714285714,False,standard,0.4849648758827192,0.3354164506325578,-0.1495484252501614,0.1100375738056897,3.5223,0.945627263507892,0.8983333333333333,0.011,0.0112,0.9742158333333334,0.9104702064988118,,,,,
2018-07,Random selection,Random selection,naive baseline,5600,1863,0.3327381546720546,0.3326785714285714,False,standard,0.5587828248238682,0.4787201184080175,-0.0800627064158506,0.1111111111111111,3.8585,0.9275748042001168,0.85,0.0124,0.0268,0.9635531666666666,0.9013472597733022,,,,,
2018-08,Random selection,Random selection,naive baseline,5600,1863,0.3327381546720546,0.3326785714285714,False,standard,0.5030527200435672,0.342994714154159,-0.1600580058894081,0.1143317230273752,3.0009,0.930227105856852,0.825,0.0074,0.0174,0.9610081666666668,0.907892149366751,,,,,
2018-09,Random selection,Random selection,naive baseline,5600,1863,0.3327381546720546,0.3326785714285714,False,standard,0.3672445270300483,0.2710367102305021,-0.0962078167995462,0.1030595813204508,3.2814,0.947628881299195,0.8766666666666667,0.007,0.0074,0.978276,0.9320234498953518,,,,,
2018-10,Random selection,Random selection,naive baseline,5558,1849,0.3327381546720546,0.3326736236056135,False,standard,0.9597277972294465,0.6182678417647179,-0.3414599554647284,0.104380746349378,4.0927,0.8659263973608122,0.7060931899641577,0.0178,0.464,0.9056186379928316,0.7844759670186467,,,,,
2018-11,Random selection,Random selection,naive baseline,5437,1809,0.3327381546720546,0.3327202501379437,False,standard,0.701252828243076,0.3998814879692954,-0.3013713402737806,0.0818131564400221,3.6846,0.8848131169143827,0.9038901601830664,0.0334,0.0312,0.9643533180778032,0.8036389907951229,,,,,
2018-12,Random selection,Random selection,naive baseline,907,301,0.3327381546720546,0.3318632855567806,False,standard,0.7103373488625105,0.2924461036937159,-0.4178912451687946,0.0598006644518272,0.5976,0.8602980644017009,0.8245614035087719,0.0270588235294117,0.1376470588235294,0.9384313725490196,0.7304433539431302,,,,,
2016-01,Uncertainty-based selection,Uncertainty-based selection,classic AL [Chen'23-style],3820,1271,0.3327381546720546,0.3327225130890052,False,standard,1.3868637957052394,0.7165618618973062,-0.6703019338079332,0.1628638867033831,2.2909,0.7350407851336704,0.3702623906705539,0.0094909404659188,0.1541558815070463,0.9210580818053832,0.713967937985939,,,,,
2016-02,Uncertainty-based selection,Uncertainty-based selection,classic AL [Chen'23-style],4436,1476,0.3327381546720546,0.3327321911632101,False,standard,1.440845536747331,1.2075588744379802,-0.2332866623093508,0.2018970189701897,2.7184,0.7959198821303082,0.469601677148847,0.0040414246021722,0.3104319272543571,0.9192747676260284,0.791986993353985,,,,,
2016-03,Uncertainty-based selection,Uncertainty-based selection,classic AL [Chen'23-style],6454,2147,0.3327381546720546,0.3326619150914162,False,standard,1.3746993294548058,0.5183767647498069,-0.8563225647049989,0.0982766651141127,3.5692,0.8447915499767931,0.9118110236220472,0.0647877642206564,0.0565389242137824,0.961185121236027,0.8482678629042066,,,,,
2016-04,Uncertainty-based selection,Uncertainty-based selection,classic AL [Chen'23-style],6981,2322,0.3327381546720546,0.3326171035668242,False,standard,0.8233328285786536,0.4322057933643365,-0.3911270352143171,0.1102497846683893,3.9439,0.877656529307988,0.6339869281045751,0.0006280420788192,0.2953367875647668,0.9413411777020432,0.8325055100039358,,,,,
2016-05,Uncertainty-based selection,Uncertainty-based selection,classic AL [Chen'23-style],4502,1497,0.3327381546720546,0.3325188804975566,False,standard,0.7001716048709299,0.3750454694602878,-0.325126135410642,0.1162324649298597,2.617,0.909193114521659,0.8451327433628318,0.0195061728395061,0.0461728395061728,0.9593286354200808,0.8773480506118344,,,,,
2016-06,Uncertainty-based selection,Uncertainty-based selection,classic AL [Chen'23-style],3085,1026,0.3327381546720546,0.3325769854132901,False,standard,0.9044094003198766,0.6981111574206288,-0.2062982428992478,0.0857699805068226,1.7333,0.8923775839496708,0.9424460431654677,0.0388314926968293,0.0256501603135019,0.9750661885881392,0.8606947089856851,,,,,
2016-07,Uncertainty-based selection,Uncertainty-based selection,classic AL [Chen'23-style],3377,1123,0.3327381546720546,0.3325436778205508,False,standard,0.7357187268716888,0.509375102638293,-0.2263436242333958,0.1104185218165627,2.026,0.9164486249045072,0.9318181818181818,0.0297520661157024,0.0221487603305785,0.9810278925619836,0.8966761932156457,,,,,
2016-08,Uncertainty-based selection,Uncertainty-based selection,classic AL [Chen'23-style],5447,1812,0.3327381546720546,0.3326601799155498,False,standard,0.656299427977571,0.5611594515848087,-0.0951399763927622,0.1208609271523178,3.6604,0.9184307783573752,0.8599290780141844,0.0178169158304321,0.0612328486586115,0.9505564972120674,0.8799073130572834,,,,,
2016-09,Uncertainty-based selection,Uncertainty-based selection,classic AL [Chen'23-style],1526,507,0.3327381546720546,0.3322411533420707,False,standard,0.8129297094982663,1.442458150684243,0.6295284411859771,0.1163708086785009,0.8974,0.8994425729059501,0.7364864864864865,0.0072568940493468,0.3187227866473149,0.9218461930726084,0.8276353579261543,,,,,
2016-10,Uncertainty-based selection,Uncertainty-based selection,classic AL [Chen'23-style],839,279,0.3327381546720546,0.33253873659118,False,standard,1.7922179595820031,0.6147857848826225,-1.1774321746993808,0.060931899641577,0.4358,0.8021335090796899,0.8518518518518519,0.0804749340369393,0.5923482849604221,0.898074855858497,0.7652353657951648,,,,,
2016-11,Uncertainty-based selection,Uncertainty-based selection,classic AL [Chen'23-style],213,70,0.3327381546720546,0.3286384976525822,False,standard,1.8161300484037532,1.835833991168793,0.0197039427650396,0.0714285714285714,0.1205,0.8151041666666666,0.6086956521739131,0.0263157894736842,0.3421052631578947,0.8823798627002288,0.6648593818878527,,,,,
2016-12,Uncertainty-based selection,Uncertainty-based selection,classic AL [Chen'23-style],75,24,0.3327381546720546,0.32,False,standard,2.6337940250487275,1.8420680743961693,-0.791725950652558,0.125,0.0524,0.6209994385176867,0.25,0.044776119402985,0.9253731343283582,0.7462686567164178,0.4081809956314932,,,,,
2017-01,Uncertainty-based selection,Uncertainty-based selection,classic AL [Chen'23-style],5600,1863,0.3327381546720546,0.3326785714285714,False,standard,2.0043222311268813,0.409178743387062,-1.5951434877398194,0.1282877079978529,2.7021,0.7497049693424664,0.4416666666666666,0.0222,0.175,0.8918481666666667,0.6033660155596935,,,,,
2017-02,Uncertainty-based selection,Uncertainty-based selection,classic AL [Chen'23-style],5600,1863,0.3327381546720546,0.3326785714285714,False,standard,0.4380984439132573,0.5803336335280803,0.1422351896148229,0.1256038647342995,3.617,0.9392670938998118,0.8983333333333333,0.014,0.0142,0.9700048333333332,0.924048968901418,,,,,
2017-03,Uncertainty-based selection,Uncertainty-based selection,classic AL [Chen'23-style],5600,1863,0.3327381546720546,0.3326785714285714,False,standard,0.8213788913121042,0.6052520188205625,-0.2161268724915417,0.2147074610842727,2.881,0.8689221971616614,0.62,0.0012,0.1528,0.9311743333333332,0.8786037359043225,,,,,
2017-04,Uncertainty-based selection,Uncertainty-based selection,classic AL [Chen'23-style],5600,1863,0.3327381546720546,0.3326785714285714,False,standard,0.7631254355366566,0.2923263779420919,-0.4707990575945647,0.1105743424584004,3.0791,0.9120814598375532,0.92,0.031,0.0222,0.9637181666666668,0.9005377836781087,,,,,
2017-05,Uncertainty-based selection,Uncertainty-based selection,classic AL [Chen'23-style],5600,1863,0.3327381546720546,0.3326785714285714,False,standard,0.6062379285938462,0.780830813305425,0.1745928847115788,0.1476113794954374,2.7259,0.928211403432101,0.8016666666666666,0.0048,0.3412,0.9291281666666668,0.8773609920685158,,,,,
2017-06,Uncertainty-based selection,Uncertainty-based selection,classic AL [Chen'23-style],5600,1863,0.3327381546720546,0.3326785714285714,False,standard,0.7062092608482736,0.3296061617598385,-0.3766030990884351,0.1250670960815888,2.8719,0.9159000567125578,0.8816666666666667,0.023,0.0336,0.9610996666666668,0.8894615114942098,,,,,
2017-07,Uncertainty-based selection,Uncertainty-based selection,classic AL [Chen'23-style],5600,1863,0.3327381546720546,0.3326785714285714,False,standard,0.4288146300327462,0.2114963582136498,-0.2173182718190963,0.1776704240472356,2.9342,0.938075017692852,0.8533333333333334,0.008,0.019,0.981181,0.9288476088766192,,,,,
2017-08,Uncertainty-based selection,Uncertainty-based selection,classic AL [Chen'23-style],5600,1863,0.3327381546720546,0.3326785714285714,False,standard,0.2863511528424763,0.2359741046183268,-0.0503770482241495,0.1808910359634997,2.5309,0.9583828634684304,0.9116666666666666,0.007,0.006,0.9848721666666668,0.9385834907852838,,,,,
2017-09,Uncertainty-based selection,Uncertainty-based selection,classic AL [Chen'23-style],5600,1863,0.3327381546720546,0.3326785714285714,False,standard,0.4148082116369054,0.2885698967321454,-0.1262383149047599,0.1476113794954374,2.7191,0.9551601748389972,0.93,0.011,0.0106,0.9803515,0.9203607529602492,,,,,
2017-10,Uncertainty-based selection,Uncertainty-based selection,classic AL [Chen'23-style],5600,1863,0.3327381546720546,0.3326785714285714,False,standard,0.4033756872760302,1.0612837590526714,0.6579080717766411,0.1256038647342995,2.8273,0.9534212393277391,0.94,0.0132,0.007,0.9762751666666668,0.934499956751826,,,,,
2017-11,Uncertainty-based selection,Uncertainty-based selection,classic AL [Chen'23-style],5600,1863,0.3327381546720546,0.3326785714285714,False,standard,1.2397381163476229,0.6120535196045089,-0.6276845967431139,0.074074074074074,3.2571,0.8135275269322391,0.9083333333333332,0.0914,0.0624,0.9691441666666668,0.8826745057173296,,,,,
2017-12,Uncertainty-based selection,Uncertainty-based selection,classic AL [Chen'23-style],5600,1863,0.3327381546720546,0.3326785714285714,False,standard,0.772997579700825,0.2480867887124134,-0.5249107909884116,0.2249060654857756,3.0117,0.8891716853073319,0.7033333333333334,0.0068,0.0154,0.9766631666666666,0.9027232613736316,,,,,
2018-01,Uncertainty-based selection,Uncertainty-based selection,classic AL [Chen'23-style],5600,1863,0.3327381546720546,0.3326785714285714,False,standard,0.8509782622637454,0.5404723184893258,-0.3105059437744196,0.1148684916800858,2.7667,0.913199694496964,0.9416666666666668,0.0338,0.025,0.9684466666666668,0.8673752322735047,,,,,
2018-02,Uncertainty-based selection,Uncertainty-based selection,classic AL [Chen'23-style],5600,1863,0.3327381546720546,0.3326785714285714,False,standard,0.8402307731652827,0.432741394780283,-0.4074893783849997,0.251207729468599,2.6667,0.8364328272273724,0.5716666666666667,0.007,0.014,0.9767256666666668,0.8838093463976622,,,,,
2018-03,Uncertainty-based selection,Uncertainty-based selection,classic AL [Chen'23-style],5600,1863,0.3327381546720546,0.3326785714285714,False,standard,3.9784211305459727,4.216466245920836,0.2380451153748635,0.1696188942565754,3.5452,0.7202755903173312,0.8483333333333334,0.1584,0.1768,0.8741818333333333,0.5278913553840515,,,,,
2018-04,Uncertainty-based selection,Uncertainty-based selection,classic AL [Chen'23-style],5600,1863,0.3327381546720546,0.3326785714285714,False,standard,2.067281551712721,0.5786338460674781,-1.488647705645243,0.1347289318303811,3.3985,0.8187076484306701,0.9183333333333332,0.0896,0.0816,0.9382903333333332,0.7011807124875131,,,,,
2018-05,Uncertainty-based selection,Uncertainty-based selection,classic AL [Chen'23-style],5600,1863,0.3327381546720546,0.3326785714285714,False,standard,0.510635937393561,0.2142028161222118,-0.2964331212713491,0.2147074610842727,2.9957,0.9139075275513652,0.765,0.0056,0.0082,0.9755688333333332,0.9195135934472314,,,,,
2018-06,Uncertainty-based selection,Uncertainty-based selection,classic AL [Chen'23-style],5600,1863,0.3327381546720546,0.3326785714285714,False,standard,0.3167723006309677,0.1813332830692476,-0.13543901756172,0.1583467525496511,2.5783,0.9596659325899513,0.935,0.0096,0.0076,0.9808558333333334,0.9437431298348974,,,,,
2018-07,Uncertainty-based selection,Uncertainty-based selection,classic AL [Chen'23-style],5600,1863,0.3327381546720546,0.3326785714285714,False,standard,0.4492179459970223,0.3451977369458308,-0.1040202090511915,0.1680085882984433,4.0328,0.9352579904103852,0.8716666666666667,0.012,0.0128,0.9602851666666667,0.9079495578593808,,,,,
2018-08,Uncertainty-based selection,Uncertainty-based selection,classic AL [Chen'23-style],5600,1863,0.3327381546720546,0.3326785714285714,False,standard,0.4707776657403981,0.3851502397508666,-0.0856274259895314,0.1460010735373054,2.8737,0.945123217974498,0.9233333333333332,0.0148,0.011,0.9630926666666668,0.9174812226784768,,,,,
2018-09,Uncertainty-based selection,Uncertainty-based selection,classic AL [Chen'23-style],5600,1863,0.3327381546720546,0.3326785714285714,False,standard,0.4872356960699401,0.3286986694862698,-0.1585370265836703,0.2200751476113795,3.5125,0.9263508544235344,0.8316666666666667,0.0102,0.0242,0.966622,0.898622812501665,,,,,
2018-10,Uncertainty-based selection,Uncertainty-based selection,classic AL [Chen'23-style],5558,1849,0.3327381546720546,0.3326736236056135,False,standard,1.0105155574706262,0.5391096667737375,-0.4714058906968886,0.1471065440778799,3.7728,0.8768807523009203,0.7813620071684588,0.0252,0.217,0.9190347670250896,0.8169303615444891,,,,,
2018-11,Uncertainty-based selection,Uncertainty-based selection,classic AL [Chen'23-style],5437,1809,0.3327381546720546,0.3327202501379437,False,standard,0.4757587436451627,0.397477814690963,-0.0782809289541997,0.1851851851851851,3.4054,0.884447664589673,0.7414187643020596,0.0126,0.0184,0.9679144164759724,0.8298902206991071,,,,,
2018-12,Uncertainty-based selection,Uncertainty-based selection,classic AL [Chen'23-style],907,301,0.3327381546720546,0.3318632855567806,False,standard,0.6698952936018442,0.4346807999989067,-0.2352144936029375,0.132890365448505,0.8123,0.8460176561893675,0.5964912280701754,0.0058823529411764,0.2164705882352941,0.9332301341589267,0.6953955182474834,,,,,
2016-01,Distance-to-centroid selection,Distance-to-centroid selection,CADE-style drift score [10],3820,1271,0.3327381546720546,0.3327225130890052,False,standard,1.3868637957052394,1.2479845347309309,-0.1388792609743085,0.06294256490952,1.9498,0.7350407851336704,0.3702623906705539,0.0094909404659188,0.1541558815070463,0.9210580818053832,0.713967937985939,0.768469512462616,0.2232984293193717,,,
2016-02,Distance-to-centroid selection,Distance-to-centroid selection,CADE-style drift score [10],4436,1476,0.3327381546720546,0.3327321911632101,False,standard,1.3125023144926635,0.7225750593399974,-0.5899272551526661,0.1084010840108401,2.1014,0.8629867407946699,0.8280922431865828,0.0429401363980803,0.1452386966405658,0.9299491697657808,0.773841409294112,0.7617040276527405,0.2191163210099188,,,
2016-03,Distance-to-centroid selection,Distance-to-centroid selection,CADE-style drift score [10],6454,2147,0.3327381546720546,0.3326619150914162,False,standard,0.7408205929993102,1.0717456006188089,0.3309250076194986,0.1029343269678621,3.7545,0.9001921156230045,0.8094488188976378,0.0180443375150369,0.0658188692215157,0.9593916480494932,0.8492660290261882,0.7604426741600037,0.2299349240780911,,,
2016-04,Distance-to-centroid selection,Distance-to-centroid selection,CADE-style drift score [10],6981,2322,0.3327381546720546,0.3326171035668242,False,standard,1.071724919357996,0.849586289583192,-0.222138629774804,0.1098191214470284,4.781,0.8208006907449511,0.5,0.0003140210394096,0.2477626000942063,0.9289994325044616,0.8059421271459805,0.7541800141334534,0.1776249820942558,,,
2016-05,Distance-to-centroid selection,Distance-to-centroid selection,CADE-style drift score [10],4502,1497,0.3327381546720546,0.3325188804975566,False,standard,1.0745166059150977,0.6522341094336375,-0.4222824964814602,0.1436205744822979,3.0707,0.8500017807965791,0.5907079646017699,0.0044444444444444,0.1059259259259259,0.96007101496777,0.8580121891360898,0.7445309162139893,0.191248334073745,,,
2016-06,Distance-to-centroid selection,Distance-to-centroid selection,CADE-style drift score [10],3085,1026,0.3327381546720546,0.3325769854132901,False,standard,0.8539722252591077,0.7911975991123762,-0.0627746261467314,0.1569200779727095,1.7499,0.8841760727780319,0.7877697841726619,0.0206626291414321,0.0552190951193444,0.965908712289164,0.844804194325936,0.7431957125663757,0.1909238249594813,,,
2016-07,Distance-to-centroid selection,Distance-to-centroid selection,CADE-style drift score [10],3377,1123,0.3327381546720546,0.3325436778205508,False,standard,0.8492993219529131,1.2151890046979592,0.3658896827450461,0.1932324131789848,1.8117,0.9004084295651826,0.8551136363636364,0.0261157024793388,0.0376859504132231,0.976390871525169,0.873088831033369,0.7364245653152466,0.187148356529464,,,
2016-08,Distance-to-centroid selection,Distance-to-centroid selection,CADE-style drift score [10],5447,1812,0.3327381546720546,0.3326601799155498,False,standard,1.3596585754489057,0.6553885516480389,-0.7042700238008668,0.2019867549668874,3.3433,0.8538373631091623,0.8723404255319149,0.0548842924431701,0.0950235510956379,0.9421117264558034,0.8050343076813566,0.7341030836105347,0.2002937396732146,,,
2016-09,Distance-to-centroid selection,Distance-to-centroid selection,CADE-style drift score [10],1526,507,0.3327381546720546,0.3322411533420707,False,standard,0.918641424343459,0.7414941141415191,-0.1771473102019398,0.1913214990138067,1.1296,0.8891868480702101,0.75,0.013788098693759,0.1153846153846153,0.9400472678774564,0.8177154684968068,0.7311742305755615,0.1775884665792922,,,
2016-10,Distance-to-centroid selection,Distance-to-centroid selection,CADE-style drift score [10],839,279,0.3327381546720546,0.33253873659118,False,standard,0.7531753936639313,0.7444474343993903,-0.0087279592645409,0.2043010752688172,0.6533,0.8872003712425784,0.7407407407407407,0.0131926121372031,0.0488126649076517,0.9763347340304244,0.8790776569311273,0.7336034178733826,0.133492252681764,,,
2016-11,Distance-to-centroid selection,Distance-to-centroid selection,CADE-style drift score [10],213,70,0.3327381546720546,0.3286384976525822,False,standard,1.7054292971334282,1.517150128941174,-0.1882791681922542,0.1714285714285714,0.1615,0.8050343249427918,0.6521739130434783,0.0421052631578947,0.5052631578947369,0.8663615560640732,0.671521383268516,0.7107309699058533,0.1267605633802817,,,
2016-12,Distance-to-centroid selection,Distance-to-centroid selection,CADE-style drift score [10],75,24,0.3327381546720546,0.32,False,standard,2.2663558076804744,1.4125284217017484,-0.853827385978726,0.125,0.0812,0.5862884160756501,0.125,0.0,0.8805970149253731,0.7957089552238806,0.4929589509237226,0.7212370038032532,0.0933333333333333,,,
2017-01,Distance-to-centroid selection,Distance-to-centroid selection,CADE-style drift score [10],5600,1863,0.3327381546720546,0.3326785714285714,False,standard,1.1858389690541635,0.9206896591064864,-0.2651493099476772,0.227589908749329,2.9144,0.8122078667815102,0.5916666666666667,0.024,0.1498,0.936728,0.7559233405881418,0.7207834124565125,0.0975,,,
2017-02,Distance-to-centroid selection,Distance-to-centroid selection,CADE-style drift score [10],5600,1863,0.3327381546720546,0.3326785714285714,False,standard,0.945518870677042,0.5327581338510698,-0.4127607368259721,0.214170692431562,3.7614,0.8919201191735426,0.7883333333333333,0.02,0.0766,0.9635473333333332,0.843452839085096,0.7316480278968811,0.1023214285714285,,,
2017-03,Distance-to-centroid selection,Distance-to-centroid selection,CADE-style drift score [10],5600,1863,0.3327381546720546,0.3326785714285714,False,standard,1.0060623744648858,1.5065716996933725,0.5005093252284867,0.178743961352657,3.3436,0.8748017584917154,0.7316666666666667,0.0188,0.1308,0.9301503333333334,0.7909579842217069,0.717634379863739,0.1280357142857142,,,
2017-04,Distance-to-centroid selection,Distance-to-centroid selection,CADE-style drift score [10],5600,1863,0.3327381546720546,0.3326785714285714,False,standard,1.541402343098854,0.7796624862544707,-0.7617398568443833,0.2002147074610842,2.7661,0.8439854870971745,0.9366666666666666,0.0752,0.0508,0.9540266666666668,0.813084646446293,0.7162120342254639,0.1705357142857143,,,
2017-05,Distance-to-centroid selection,Distance-to-centroid selection,CADE-style drift score [10],5600,1863,0.3327381546720546,0.3326785714285714,False,standard,1.2304132501704053,0.942324313748112,-0.2880889364222934,0.1910896403650026,2.7894,0.8341717327338465,0.555,0.0046,0.1618,0.9298030000000002,0.7764072471793277,0.7245902419090271,0.14125,,,
2017-06,Distance-to-centroid selection,Distance-to-centroid selection,CADE-style drift score [10],5600,1863,0.3327381546720546,0.3326785714285714,False,standard,0.9052410668914698,0.7471972314004593,-0.1580438354910104,0.1943102522812667,2.6313,0.8613737454105536,0.63,0.0066,0.3526,0.9268121666666668,0.826814453751794,0.7155051231384277,0.1308928571428571,,,
2017-07,Distance-to-centroid selection,Distance-to-centroid selection,CADE-style drift score [10],5600,1863,0.3327381546720546,0.3326785714285714,False,standard,0.8337118493066966,1.3155525166984492,0.4818406673917526,0.166935050993022,3.1935,0.8971012501717268,0.7883333333333333,0.0174,0.0838,0.9747535,0.8755161438703858,0.720658540725708,0.1214285714285714,,,
2017-08,Distance-to-centroid selection,Distance-to-centroid selection,CADE-style drift score [10],5600,1863,0.3327381546720546,0.3326785714285714,False,standard,1.0816327901939295,0.3966225507759748,-0.6850102394179547,0.203972088030059,2.6124,0.8637105630249606,0.62,0.0036,0.0682,0.9494066666666668,0.86356895229659,0.7188596129417419,0.1110714285714285,,,
2017-09,Distance-to-centroid selection,Distance-to-centroid selection,CADE-style drift score [10],5600,1863,0.3327381546720546,0.3326785714285714,False,standard,0.5602024244280456,0.5739571954428497,0.0137547710148041,0.2002147074610842,3.1219,0.921829196794997,0.8633333333333333,0.0172,0.0188,0.9781065,0.912726748754078,0.7158254981040955,0.1469642857142857,,,
2017-10,Distance-to-centroid selection,Distance-to-centroid selection,CADE-style drift score [10],5600,1863,0.3327381546720546,0.3326785714285714,False,standard,0.6565314318957118,0.5005948499625652,-0.1559365819331466,0.1959205582393988,3.0771,0.925275177125506,0.8783333333333333,0.0178,0.0354,0.9732186666666668,0.8967347063967654,0.7143645286560059,0.1258928571428571,,,
2017-11,Distance-to-centroid selection,Distance-to-centroid selection,CADE-style drift score [10],5600,1863,0.3327381546720546,0.3326785714285714,False,standard,0.61200619356251,0.825692486373338,0.213686292810828,0.2002147074610842,2.985,0.9191289315890664,0.7916666666666666,0.0074,0.0514,0.9662113333333332,0.8863264774550649,0.7146381139755249,0.1389285714285714,,,
2017-12,Distance-to-centroid selection,Distance-to-centroid selection,CADE-style drift score [10],5600,1863,0.3327381546720546,0.3326785714285714,False,standard,0.98517066809581,0.4988691228543979,-0.4863015452414119,0.2168545356951154,3.1111,0.8696758518244408,0.9133333333333332,0.0542,0.0362,0.960372,0.8751480973454316,0.7146285772323608,0.1375,,,
2018-01,Distance-to-centroid selection,Distance-to-centroid selection,CADE-style drift score [10],5600,1863,0.3327381546720546,0.3326785714285714,False,standard,1.1840621899318575,0.460085184322546,-0.7239770056093118,0.1696188942565754,2.8098,0.862226028559094,0.7233333333333334,0.0238,0.0516,0.9502041666666668,0.7768867366416461,0.7119303345680237,0.1294642857142857,,,
2018-02,Distance-to-centroid selection,Distance-to-centroid selection,CADE-style drift score [10],5600,1863,0.3327381546720546,0.3326785714285714,False,standard,0.8142284753473856,0.6933260059282484,-0.1209024694191371,0.1583467525496511,2.6479,0.8868574579542321,0.7466666666666667,0.0154,0.0446,0.9576726666666666,0.8526680807926817,0.708103358745575,0.1075,,,
2018-03,Distance-to-centroid selection,Distance-to-centroid selection,CADE-style drift score [10],5600,1863,0.3327381546720546,0.3326785714285714,False,standard,4.564643677578131,1.468214500499658,-3.0964291770784724,0.1873322597960279,3.7017,0.6906218610172586,0.76,0.1648,0.2828,0.8356268333333333,0.4418467689820184,0.7135835289955139,0.1325,,,
2018-04,Distance-to-centroid selection,Distance-to-centroid selection,CADE-style drift score [10],5600,1863,0.3327381546720546,0.3326785714285714,False,standard,1.3263245698622532,0.9372205620312584,-0.3891040078309948,0.2168545356951154,2.8747,0.7871805086700354,0.45,0.0036,0.1134,0.9464860000000002,0.8229174803529349,0.7201617956161499,0.1491071428571428,,,
2018-05,Distance-to-centroid selection,Distance-to-centroid selection,CADE-style drift score [10],5600,1863,0.3327381546720546,0.3326785714285714,False,standard,0.8208923891524137,0.5781606141179917,-0.242731775034422,0.2533548040794418,2.6901,0.8637341510608525,0.9183333333333332,0.0588,0.0358,0.9631678333333332,0.8904153256629104,0.6936019659042358,0.3382142857142857,,,
2018-06,Distance-to-centroid selection,Distance-to-centroid selection,CADE-style drift score [10],5600,1863,0.3327381546720546,0.3326785714285714,False,standard,0.5453184624593927,0.5145589596189241,-0.0307595028404686,0.2565754159957058,3.293,0.9210225515701068,0.8283333333333334,0.0122,0.0228,0.972596,0.9014448054536064,0.7035934925079346,0.2069642857142857,,,
2018-07,Distance-to-centroid selection,Distance-to-centroid selection,CADE-style drift score [10],5600,1863,0.3327381546720546,0.3326785714285714,False,standard,0.7091331666582658,0.5836274494731641,-0.1255057171851016,0.249597423510467,3.807,0.91010312309345,0.8616666666666667,0.0228,0.0308,0.9659516666666668,0.8667583313592996,0.7167475819587708,0.18875,,,
2018-08,Distance-to-centroid selection,Distance-to-centroid selection,CADE-style drift score [10],5600,1863,0.3327381546720546,0.3326785714285714,False,standard,0.5153102462493375,0.5996783894273874,0.0843681431780498,0.2533548040794418,3.1099,0.9369604848527582,0.8416666666666667,0.0068,0.021,0.9585298333333332,0.9111508650817192,0.7007507085800171,0.2428571428571428,,,
2018-09,Distance-to-centroid selection,Distance-to-centroid selection,CADE-style drift score [10],5600,1863,0.3327381546720546,0.3326785714285714,False,standard,0.7706067906975788,0.5002602699576532,-0.2703465207399256,0.2522812667740204,3.812,0.9063390115711558,0.8633333333333333,0.025,0.0378,0.9727601666666666,0.8841292885114255,0.6986334323883057,0.1880357142857142,,,
2018-10,Distance-to-centroid selection,Distance-to-centroid selection,CADE-style drift score [10],5558,1849,0.3327381546720546,0.3326736236056135,False,standard,1.0448649265275034,0.9997782354421528,-0.0450866910853504,0.1849648458626284,3.5112,0.84329320338565,0.6218637992831542,0.0134,0.5246,0.8885541218637993,0.7614605677749076,0.7049134969711304,0.1230658510255487,,,
2018-11,Distance-to-centroid selection,Distance-to-centroid selection,CADE-style drift score [10],5437,1809,0.3327381546720546,0.3327202501379437,False,standard,0.7373389401490549,0.6634385378744291,-0.0739004022746258,0.1680486456605859,3.9573,0.8525540461022847,0.6430205949656751,0.0112,0.0506,0.9453727688787184,0.7711272145549539,0.6902310848236084,0.1478756667279749,,,
2018-12,Distance-to-centroid selection,Distance-to-centroid selection,CADE-style drift score [10],907,301,0.3327381546720546,0.3318632855567806,False,standard,1.0199113484841964,0.6998040877575016,-0.3201072607266948,0.1229235880398671,0.7171,0.8036796536796537,0.6666666666666666,0.0294117647058823,0.5352941176470588,0.8835500515995871,0.5956265382144476,0.6762605905532837,0.1984564498346196,,,
