f1,tpr,fpr,fpr_at_tpr90,auc_roc,auc_pr,month,method,updated,total,time_sec,n_clusters,n_new_clusters,n_pruned,drift_score,ks_stat,ks_score,confidence_shift_score,novelty_score,ks_pvalue,drift_detected,emergency_flag,drift_applied,use_drift_score,selection_strategy,actual_frac,loss_mode,loss_before,loss_after,loss_delta,mal_rate_selected
0.7350407851336704,0.37026239067055394,0.009490940465918895,0.15415588150704632,0.9210580818053833,0.713967937985939,2016-01,Static,0,3820,1.7626,,,,,,,,,,,,,,,,,,,,
0.7325664958532623,0.36477987421383645,0.009093205354887599,0.4508714321798434,0.886052160430577,0.6993526175173296,2016-02,Static,0,4436,1.9932,,,,,,,,,,,,,,,,,,,,
0.7100652587772225,0.32125984251968503,0.008248840006874033,0.27874205189895174,0.8987583438992277,0.6831521574009712,2016-03,Static,0,6454,3.0615,,,,,,,,,,,,,,,,,,,,
0.6891363446132509,0.2826797385620915,0.007536504945831371,0.32642487046632124,0.8994112875170479,0.664722714926541,2016-04,Static,0,6981,3.4352,,,,,,,,,,,,,,,,,,,,
0.7305445497833962,0.35176991150442477,0.006419753086419753,0.6081481481481481,0.863758057467497,0.6906738210146548,2016-05,Static,0,4502,2.3902,,,,,,,,,,,,,,,,,,,,
0.7280260953892268,0.35251798561151076,0.008193801211257571,0.8692554328464553,0.8376681625842896,0.6298478091298807,2016-06,Static,0,3085,1.6522,,,,,,,,,,,,,,,,,,,,
0.7670272362518347,0.42613636363636365,0.007933884297520661,0.5857851239669422,0.8774121900826447,0.7298336545948032,2016-07,Static,0,3377,1.8815,,,,,,,,,,,,,,,,,,,,
0.7269503952914182,0.3475177304964539,0.006962932623387262,0.5822240425967643,0.873040313549832,0.6957900627503948,2016-08,Static,0,5447,2.9504,,,,,,,,,,,,,,,,,,,,
0.682555317503356,0.2702702702702703,0.006531204644412192,0.7104499274310595,0.857362805476013,0.635199248857438,2016-09,Static,0,1526,0.8988,,,,,,,,,,,,,,,,,,,,
0.7200882128417541,0.3333333333333333,0.006596306068601583,0.9340369393139841,0.7777452034268216,0.5633883790752097,2016-10,Static,0,839,0.5065,,,,,,,,,,,,,,,,,,,,
0.7207957436965071,0.34782608695652173,0.010526315789473684,0.9263157894736842,0.7475972540045767,0.5197865133482459,2016-11,Static,0,213,0.1277,,,,,,,,,,,,,,,,,,,,
0.5862884160756501,0.125,0.0,0.7611940298507462,0.7705223880597015,0.44080756595870196,2016-12,Static,0,75,0.0437,,,,,,,,,,,,,,,,,,,,
0.5699219619892225,0.11666666666666667,0.0096,0.7282,0.7417111666666667,0.33374164179426263,2017-01,Static,0,5600,2.4912,,,,,,,,,,,,,,,,,,,,
0.6088577129722844,0.16666666666666666,0.0084,0.8242,0.7620636666666666,0.4051600909422498,2017-02,Static,0,5600,2.9165,,,,,,,,,,,,,,,,,,,,
0.5440727008644707,0.085,0.0102,0.8774,0.7257866666666667,0.3061429697931317,2017-03,Static,0,5600,2.5005,,,,,,,,,,,,,,,,,,,,
0.5372786417562536,0.085,0.0194,0.6792,0.7552653333333335,0.3071888156083066,2017-04,Static,0,5600,2.5101,,,,,,,,,,,,,,,,,,,,
0.5541969175901159,0.10166666666666667,0.0142,0.4808,0.7578391666666667,0.29061758006216526,2017-05,Static,0,5600,2.2154,,,,,,,,,,,,,,,,,,,,
0.6224895023052175,0.185,0.008,0.5518,0.7766886666666667,0.394006674778013,2017-06,Static,0,5600,2.2762,,,,,,,,,,,,,,,,,,,,
0.6950378609178339,0.2966666666666667,0.0082,0.4514,0.8306616666666666,0.5250098289017929,2017-07,Static,0,5600,2.3665,,,,,,,,,,,,,,,,,,,,
0.6733138360885578,0.26,0.0076,0.437,0.8140365,0.4877778937461046,2017-08,Static,0,5600,2.3035,,,,,,,,,,,,,,,,,,,,
0.6813045415490876,0.285,0.0126,0.428,0.8321045,0.4916304159720841,2017-09,Static,0,5600,2.3651,,,,,,,,,,,,,,,,,,,,
0.6853729133596806,0.29333333333333333,0.0132,0.42171891891891894,0.842616,0.5021640715668276,2017-10,Static,0,5600,2.5534,,,,,,,,,,,,,,,,,,,,
0.6711632811600025,0.265,0.0112,0.6134,0.8056426666666667,0.4633796822728936,2017-11,Static,0,5600,2.5303,,,,,,,,,,,,,,,,,,,,
0.6626157161613905,0.26166666666666666,0.0158,0.4322,0.8029468333333334,0.41817864874007393,2017-12,Static,0,5600,2.4465,,,,,,,,,,,,,,,,,,,,
0.6745068060912367,0.2833333333333333,0.0166,0.469,0.7854999999999999,0.40913071791539235,2018-01,Static,0,5600,2.555,,,,,,,,,,,,,,,,,,,,
0.6408918776051371,0.23333333333333334,0.019,0.7674,0.7591816666666668,0.35389895897302087,2018-02,Static,0,5600,2.5411,,,,,,,,,,,,,,,,,,,,
0.5807839320297028,0.31666666666666665,0.1258,0.465,0.7658491666666667,0.2853487270655649,2018-03,Static,0,5600,2.7519,,,,,,,,,,,,,,,,,,,,
0.6347268747663537,0.265,0.0398,0.3272,0.8505148333333333,0.41329891577243016,2018-04,Static,0,5600,2.5163,,,,,,,,,,,,,,,,,,,,
0.6195174853075314,0.22333333333333333,0.032,0.4704,0.7799661666666666,0.34134664801362163,2018-05,Static,0,5600,2.3765,,,,,,,,,,,,,,,,,,,,
0.7000756766381766,0.30833333333333335,0.0094,0.349,0.8871781666666666,0.6044142035399243,2018-06,Static,0,5600,2.4135,,,,,,,,,,,,,,,,,,,,
0.7014522761074334,0.31666666666666665,0.0116,0.3408,0.8884701666666667,0.5864132086961578,2018-07,Static,0,5600,3.1298,,,,,,,,,,,,,,,,,,,,
0.6962248785361178,0.305,0.0106,0.3342,0.8896365,0.613936223117887,2018-08,Static,0,5600,2.7213,,,,,,,,,,,,,,,,,,,,
0.695987794193178,0.2966666666666667,0.0076,0.2486,0.9099229999999999,0.6738367357205242,2018-09,Static,0,5600,2.9015,,,,,,,,,,,,,,,,,,,,
0.5673503920551546,0.1111111111111111,0.009,0.6008,0.8059548387096774,0.3953905759172097,2018-10,Static,0,5558,2.8674,,,,,,,,,,,,,,,,,,,,
0.5491402391758383,0.09382151029748284,0.0174,0.459,0.8334594965675057,0.3037033192582754,2018-11,Static,0,5437,2.9731,,,,,,,,,,,,,,,,,,,,
0.5177242112725984,0.05263157894736842,0.021176470588235293,0.7270588235294118,0.7509907120743033,0.16339135262087917,2018-12,Static,0,907,0.718,,,,,,,,,,,,,,,,,,,,
0.7709800981715387,0.7638483965014577,0.07937877480586712,0.18723037100949094,0.9197978217541176,0.6310554797830784,2016-01,PeriodicRetraining,34644,3820,13.9961,,,,,,,,,,,,,,,,,,,,
0.7892205826731682,0.4549266247379455,0.003788835564536499,0.37206365243748424,0.9058687500761209,0.773623617071315,2016-02,PeriodicRetraining,36936,4436,14.9661,,,,,,,,,,,,,,,,,,,,
0.9033120574394159,0.8110236220472441,0.01684138168070115,0.0596322392163602,0.9588754189709787,0.8666457246837262,2016-03,PeriodicRetraining,39597,6454,17.6449,,,,,,,,,,,,,,,,,,,,
0.7651505356050536,0.39052287581699346,0.0006280420788192808,0.1653320772491757,0.9459225753419598,0.8230488729220928,2016-04,PeriodicRetraining,43470,6981,19.3717,,,,,,,,,,,,,,,,,,,,
0.8847871150231217,0.6570796460176991,0.0009876543209876543,0.1385185185185185,0.9478679121599476,0.884897424351882,2016-05,PeriodicRetraining,47658,4502,20.3424,,,,,,,,,,,,,,,,,,,,
0.8920729839152826,0.7194244604316546,0.007481296758104738,0.25757035981474885,0.9275930164311728,0.8174941935359727,2016-06,PeriodicRetraining,50359,3085,21.6043,,,,,,,,,,,,,,,,,,,,
0.873752014200712,0.6505681818181818,0.004628099173553719,0.11900826446280992,0.9382860631104433,0.8584227455053728,2016-07,PeriodicRetraining,52210,3377,22.2801,,,,,,,,,,,,,,,,,,,,
0.8873154271098449,0.7943262411347518,0.022731927093999592,0.16956788859307803,0.9336197518384087,0.8434109470349717,2016-08,PeriodicRetraining,54237,5447,24.2196,,,,,,,,,,,,,,,,,,,,
0.9043979451196592,0.7702702702702703,0.010159651669085631,0.18722786647314948,0.9559560467579336,0.8510704139913386,2016-09,PeriodicRetraining,57505,1526,24.2557,,,,,,,,,,,,,,,,,,,,
0.8302599959537544,0.5555555555555556,0.006596306068601583,0.1662269129287599,0.9605931789309098,0.8054756215556163,2016-10,PeriodicRetraining,58420,839,23.6987,,,,,,,,,,,,,,,,,,,,
0.8447624726694494,0.6086956521739131,0.010526315789473684,0.5894736842105263,0.8189931350114417,0.6817130887472801,2016-11,PeriodicRetraining,58924,213,23.7668,,,,,,,,,,,,,,,,,,,,
0.5862884160756501,0.125,0.0,0.7164179104477612,0.75,0.4925740203083953,2016-12,PeriodicRetraining,59052,75,23.8019,,,,,,,,,,,,,,,,,,,,
0.7709229511167898,0.4866666666666667,0.022,0.2874,0.8711258333333333,0.6001211606130301,2017-01,PeriodicRetraining,59097,5600,26.1787,,,,,,,,,,,,,,,,,,,,
0.8897326127314993,0.7083333333333334,0.0074,0.0156,0.9722223333333333,0.9065164441057745,2017-02,PeriodicRetraining,62457,5600,28.1812,,,,,,,,,,,,,,,,,,,,
0.8097330729166667,0.5216666666666666,0.0094,0.0638,0.9401871666666667,0.814610979930055,2017-03,PeriodicRetraining,65817,5600,30.457,,,,,,,,,,,,,,,,,,,,
0.931787366785735,0.8016666666666666,0.0032,0.0138,0.9545913333333333,0.9157598491980744,2017-04,PeriodicRetraining,69177,5600,31.8272,,,,,,,,,,,,,,,,,,,,
0.8642733744356352,0.6383333333333333,0.0068,0.2606,0.9282575,0.8228430422376279,2017-05,PeriodicRetraining,72537,5600,33.083,,,,,,,,,,,,,,,,,,,,
0.733243485029801,0.35,0.004,0.576,0.8481775,0.7142710676258985,2017-06,PeriodicRetraining,75897,5600,34.0635,,,,,,,,,,,,,,,,,,,,
0.8726808094902165,0.7966666666666666,0.0316,0.2688,0.9239265,0.8103408709378743,2017-07,PeriodicRetraining,79257,5600,35.8856,,,,,,,,,,,,,,,,,,,,
0.8586511931454713,0.5983333333333334,0.0018,0.1026,0.9380848333333334,0.871617059113203,2017-08,PeriodicRetraining,82617,5600,37.188,,,,,,,,,,,,,,,,,,,,
0.8271048576885176,0.62,0.022,0.0526,0.9699736666666667,0.8020800208233091,2017-09,PeriodicRetraining,85977,5600,38.4454,,,,,,,,,,,,,,,,,,,,
0.8838906581740976,0.76,0.0192,0.0272,0.9713953333333334,0.8635749716211538,2017-10,PeriodicRetraining,89337,5600,40.33,,,,,,,,,,,,,,,,,,,,
0.9485113622585708,0.8766666666666667,0.0066,0.0104,0.9781795,0.9354007892742565,2017-11,PeriodicRetraining,92697,5600,41.4851,,,,,,,,,,,,,,,,,,,,
0.8665129044375417,0.965,0.0654,0.014,0.974953,0.9139968638136687,2017-12,PeriodicRetraining,96057,5600,42.4987,,,,,,,,,,,,,,,,,,,,
0.8837722349325515,0.845,0.034,0.036,0.9615288333333333,0.7660161250306178,2018-01,PeriodicRetraining,99417,5600,43.8529,,,,,,,,,,,,,,,,,,,,
0.9187154960817412,0.8766666666666667,0.0208,0.0268,0.9783091666666668,0.8704269037713531,2018-02,PeriodicRetraining,102777,5600,45.2399,,,,,,,,,,,,,,,,,,,,
0.7114508453984003,0.8266666666666667,0.1616,0.1812,0.8689023333333332,0.4722620632625758,2018-03,PeriodicRetraining,106137,5600,46.5542,,,,,,,,,,,,,,,,,,,,
0.8776742239958585,0.6816666666666666,0.0084,0.2342,0.9407913333333333,0.8256827128539339,2018-04,PeriodicRetraining,109497,5600,48.4962,,,,,,,,,,,,,,,,,,,,
0.9465199017717311,0.89,0.0094,0.0104,0.9690494999999999,0.9108498921282816,2018-05,PeriodicRetraining,112857,5600,50.8114,,,,,,,,,,,,,,,,,,,,
0.9265199638774613,0.95,0.028,0.0148,0.9819703333333333,0.9169670293595846,2018-06,PeriodicRetraining,116217,5600,52.4707,,,,,,,,,,,,,,,,,,,,
0.9048470569364626,0.8116666666666666,0.0174,0.0376,0.9642626666666667,0.8872221049639694,2018-07,PeriodicRetraining,119577,5600,50.8426,,,,,,,,,,,,,,,,,,,,
0.90235600331087,0.8016666666666666,0.017,0.0542,0.9553556666666667,0.8384908481480539,2018-08,PeriodicRetraining,122937,5600,51.7104,,,,,,,,,,,,,,,,,,,,
0.9394659832268077,0.8783333333333333,0.011,0.0126,0.9769333333333333,0.9252505342245491,2018-09,PeriodicRetraining,126297,5600,52.9887,,,,,,,,,,,,,,,,,,,,
0.8534314539223251,0.7383512544802867,0.0298,0.339,0.9038657706093189,0.7428801209818112,2018-10,PeriodicRetraining,129657,5558,55.2062,,,,,,,,,,,,,,,,,,,,
0.9058330257697498,0.8489702517162472,0.0178,0.0698,0.9454329519450801,0.8009847721582004,2018-11,PeriodicRetraining,132991,5437,56.349,,,,,,,,,,,,,,,,,,,,
0.8046942291128338,0.47368421052631576,0.002352941176470588,0.19647058823529412,0.9356037151702786,0.7643910865663258,2018-12,PeriodicRetraining,136254,907,56.2787,,,,,,,,,,,,,,,,,,,,
0.7350407851336704,0.37026239067055394,0.009490940465918895,0.15415588150704632,0.9210580818053833,0.713967937985939,2016-01,FullLabelUpdate,3820,3820,1.6097,,,,,,,,,,,,,,,,,,,,
0.9044676583069664,0.7610062893081762,0.009345794392523364,0.039151300833543824,0.959091696175103,0.8934866269782816,2016-02,FullLabelUpdate,4436,4436,1.8972,,,,,,,,,,,,,,,,,,,,
0.9210895072360223,0.8755905511811024,0.018044337515036948,0.03626052586355044,0.9602400769675229,0.8932427746589323,2016-03,FullLabelUpdate,6454,6454,2.8671,,,,,,,,,,,,,,,,,,,,
0.9205723479328376,0.8529411764705882,0.013659915214319359,0.0411367561626629,0.9682035738878165,0.8913146457173103,2016-04,FullLabelUpdate,6981,6981,3.1984,,,,,,,,,,,,,,,,,,,,
0.8864292020971515,0.6703539823008849,0.0024691358024691358,0.07876543209876544,0.9575950508030153,0.8932111166815052,2016-05,FullLabelUpdate,4502,4502,2.1923,,,,,,,,,,,,,,,,,,,,
0.847628327166924,0.9712230215827338,0.06768792304951905,0.03210201098239623,0.9725391044485395,0.844599854737875,2016-06,FullLabelUpdate,3085,3085,1.5306,,,,,,,,,,,,,,,,,,,,
0.9053929121725732,0.7642045454545454,0.009256198347107438,0.031074380165289257,0.9737894440270474,0.893591444057396,2016-07,FullLabelUpdate,3377,3377,1.7173,,,,,,,,,,,,,,,,,,,,
0.8723384878313553,0.8812056737588653,0.045463854187999184,0.06409993856235921,0.953419411389638,0.842867484363456,2016-08,FullLabelUpdate,5447,5447,2.7028,,,,,,,,,,,,,,,,,,,,
0.8926475317575173,0.7837837837837838,0.01741654571843251,0.10377358490566038,0.9536392342996116,0.8371349171417212,2016-09,FullLabelUpdate,1526,1526,0.8375,,,,,,,,,,,,,,,,,,,,
0.8784177336493378,0.6666666666666666,0.005277044854881266,0.05804749340369393,0.9747630215967946,0.8682891584232869,2016-10,FullLabelUpdate,839,839,0.4642,,,,,,,,,,,,,,,,,,,,
0.8384951881014873,0.6956521739130435,0.031578947368421054,0.1736842105263158,0.9264302059496567,0.7594479523589943,2016-11,FullLabelUpdate,213,213,0.1249,,,,,,,,,,,,,,,,,,,,
0.5862884160756501,0.125,0.0,0.9104477611940298,0.7304104477611941,0.45362484095384936,2016-12,FullLabelUpdate,75,75,0.0472,,,,,,,,,,,,,,,,,,,,
0.8098189180991728,0.6016666666666667,0.0276,0.1332,0.9159444999999999,0.6914947917419259,2017-01,FullLabelUpdate,5600,5600,2.3456,,,,,,,,,,,,,,,,,,,,
0.9303234555569996,0.7933333333333333,0.0026,0.0146,0.9730795000000001,0.9359545181609177,2017-02,FullLabelUpdate,5600,5600,2.6883,,,,,,,,,,,,,,,,,,,,
0.9382517665884504,0.8183333333333334,0.0028,0.075,0.9465373333333333,0.8994017556229347,2017-03,FullLabelUpdate,5600,5600,2.27,,,,,,,,,,,,,,,,,,,,
0.8430730860232658,0.925,0.0736,0.0224,0.972902,0.8925836535503282,2017-04,FullLabelUpdate,5600,5600,2.3128,,,,,,,,,,,,,,,,,,,,
0.7748725287787788,0.8916666666666667,0.1186,0.1632,0.943368,0.8375563239205466,2017-05,FullLabelUpdate,5600,5600,2.1259,,,,,,,,,,,,,,,,,,,,
0.9290216821861321,0.82,0.0072,0.0762,0.9663121666666666,0.8917989656154356,2017-06,FullLabelUpdate,5600,5600,2.1458,,,,,,,,,,,,,,,,,,,,
0.9507366906005383,0.8866666666666667,0.007,0.007,0.9829525,0.9447928393904724,2017-07,FullLabelUpdate,5600,5600,2.2454,,,,,,,,,,,,,,,,,,,,
0.9609872933439496,0.91,0.0056,0.005,0.9842934999999999,0.9509888238916935,2017-08,FullLabelUpdate,5600,5600,2.1974,,,,,,,,,,,,,,,,,,,,
0.9469022219236933,0.9533333333333334,0.0182,0.0122,0.9824156666666666,0.9101323248825288,2017-09,FullLabelUpdate,5600,5600,2.3744,,,,,,,,,,,,,,,,,,,,
0.9521467685117366,0.8683333333333333,0.0038,0.006,0.9806011666666666,0.9479947796952796,2017-10,FullLabelUpdate,5600,5600,2.7625,,,,,,,,,,,,,,,,,,,,
0.9531961558164049,0.8716666666666667,0.0038,0.0052,0.9831195,0.9585816526252375,2017-11,FullLabelUpdate,5600,5600,2.5832,,,,,,,,,,,,,,,,,,,,
0.9398251045781449,0.8533333333333334,0.0072,0.0174,0.9838278333333332,0.9092510179908805,2017-12,FullLabelUpdate,5600,5600,2.287,,,,,,,,,,,,,,,,,,,,
0.9237244036403023,0.9416666666666667,0.0282,0.0216,0.9689601666666666,0.8921944921191328,2018-01,FullLabelUpdate,5600,5600,2.3576,,,,,,,,,,,,,,,,,,,,
0.9129445211881803,0.8416666666666667,0.0182,0.0216,0.9747828333333334,0.8510074321284232,2018-02,FullLabelUpdate,5600,5600,2.3053,,,,,,,,,,,,,,,,,,,,
0.7220755257213756,0.8816666666666667,0.1652,0.1664,0.8472696666666666,0.3807525114309855,2018-03,FullLabelUpdate,5600,5600,2.5316,,,,,,,,,,,,,,,,,,,,
0.9011339800083198,0.735,0.0066,0.0444,0.9673236666666667,0.8844219820836049,2018-04,FullLabelUpdate,5600,5600,2.463,,,,,,,,,,,,,,,,,,,,
0.9537915047095955,0.9066666666666666,0.0084,0.0072,0.9745343333333334,0.9182606096371058,2018-05,FullLabelUpdate,5600,5600,2.3014,,,,,,,,,,,,,,,,,,,,
0.9393727465797402,0.9483333333333334,0.0212,0.0114,0.9803445000000001,0.9244616516758537,2018-06,FullLabelUpdate,5600,5600,2.3827,,,,,,,,,,,,,,,,,,,,
0.9490569929808306,0.9266666666666666,0.0134,0.0118,0.9720898333333334,0.9242547554774873,2018-07,FullLabelUpdate,5600,5600,2.9452,,,,,,,,,,,,,,,,,,,,
0.9390551465752115,0.95,0.0216,0.0144,0.9742718333333333,0.9242876012154208,2018-08,FullLabelUpdate,5600,5600,2.6676,,,,,,,,,,,,,,,,,,,,
0.9459250252563016,0.86,0.0054,0.0078,0.9731839999999999,0.9283750623460668,2018-09,FullLabelUpdate,5600,5600,2.8211,,,,,,,,,,,,,,,,,,,,
0.88755113151467,0.6863799283154122,0.0046,0.3626,0.92766541218638,0.8391822051270508,2018-10,FullLabelUpdate,5558,5558,2.722,,,,,,,,,,,,,,,,,,,,
0.8588139157615398,0.8993135011441648,0.045,0.0454,0.9708205949656752,0.8179856762856991,2018-11,FullLabelUpdate,5437,5437,2.7152,,,,,,,,,,,,,,,,,,,,
0.8919214902997736,0.7192982456140351,0.0058823529411764705,0.03176470588235294,0.956078431372549,0.8123775892393221,2018-12,FullLabelUpdate,907,907,0.6689,,,,,,,,,,,,,,,,,,,,
0.7350407851336704,0.37026239067055394,0.009490940465918895,0.15415588150704632,0.9210580818053833,0.713967937985939,2016-01,RandomSelectiveUpdate,1146,3820,1.6267,,0.0,0.0,0.0,,0.0,0.0,0.0,,False,False,False,False,random,0.3,standard,1.386864,0.740253,-0.646611,0.08726003490401396
0.8861342848520806,0.7924528301886793,0.02374336953776206,0.2028289972215206,0.9349768565956187,0.8121336393592722,2016-02,RandomSelectiveUpdate,1330,4436,1.9239,,0.0,0.0,0.0,,0.0,0.0,0.0,,False,False,False,False,random,0.3,standard,1.065175,0.630762,-0.434413,0.1037593984962406
0.9160361873255521,0.7921259842519685,0.008420690840350575,0.03694792919745661,0.9574612354586455,0.8946952453206014,2016-03,RandomSelectiveUpdate,1936,6454,2.9103,,0.0,0.0,0.0,,0.0,0.0,0.0,,False,False,False,False,random,0.3,standard,0.591952,0.446771,-0.145181,0.10175619834710743
0.907890833860115,0.7565359477124183,0.006280420788192809,0.09499136442141623,0.9596994787866473,0.8709751434965848,2016-04,RandomSelectiveUpdate,2094,6981,3.1847,,0.0,0.0,0.0,,0.0,0.0,0.0,,False,False,False,False,random,0.3,standard,0.658565,0.399714,-0.258851,0.08022922636103152
0.9116415417856893,0.7632743362831859,0.006172839506172839,0.07160493827160494,0.9640516770457773,0.8973027217580937,2016-05,RandomSelectiveUpdate,1350,4502,2.2238,,0.0,0.0,0.0,,0.0,0.0,0.0,,False,False,False,False,random,0.3,standard,0.65343,0.427772,-0.225658,0.08962962962962963
0.9135854341736694,0.8489208633093526,0.016387602422515142,0.026718916993231208,0.9740948246034451,0.876763423096298,2016-06,RandomSelectiveUpdate,925,3085,1.5404,,0.0,0.0,0.0,,0.0,0.0,0.0,,False,False,False,False,random,0.3,standard,0.687076,0.559293,-0.127783,0.0918918918918919
0.9113463749355011,0.8778409090909091,0.024132231404958678,0.026115702479338844,0.9792660593538691,0.879528783389797,2016-07,RandomSelectiveUpdate,1013,3377,1.7651,,0.0,0.0,0.0,,0.0,0.0,0.0,,False,False,False,False,random,0.3,standard,0.783693,0.607746,-0.175947,0.1016781836130306
0.9023864702026543,0.8085106382978723,0.017612123694450133,0.0727012082736023,0.9493616948655272,0.8513120228457624,2016-08,RandomSelectiveUpdate,1634,5447,2.7248,,0.0,0.0,0.0,,0.0,0.0,0.0,,False,False,False,False,random,0.3,standard,0.829888,0.670068,-0.15982,0.10342717258261934
0.8912338033472522,0.722972972972973,0.008708272859216255,0.1995645863570392,0.9434526144431805,0.8355121153352028,2016-09,RandomSelectiveUpdate,457,1526,0.8779,,0.0,0.0,0.0,,0.0,0.0,0.0,,False,False,False,False,random,0.3,standard,0.851667,0.726198,-0.125469,0.087527352297593
0.8519320081738807,0.6296296296296297,0.010554089709762533,0.08311345646437995,0.970365484217727,0.837875392886334,2016-10,RandomSelectiveUpdate,251,839,0.4633,,0.0,0.0,0.0,,0.0,0.0,0.0,,False,False,False,False,random,0.3,standard,0.969944,0.848502,-0.121442,0.10756972111553785
0.8679315476190477,0.6956521739130435,0.015789473684210527,0.6105263157894737,0.8874141876430207,0.788213816716045,2016-11,RandomSelectiveUpdate,63,213,0.1269,,0.0,0.0,0.0,,0.0,0.0,0.0,,False,False,False,False,random,0.3,standard,1.020717,0.913496,-0.107221,0.07936507936507936
0.6785714285714286,0.25,0.0,0.8656716417910447,0.7257462686567164,0.47665396546098193,2016-12,RandomSelectiveUpdate,22,75,0.0523,,0.0,0.0,0.0,,0.0,0.0,0.0,,False,False,False,False,random,0.3,standard,2.109254,11.226675,9.11742,0.13636363636363635
0.5222933095273521,0.9716666666666667,0.4524,0.404,0.7851984999999999,0.4391032644372643,2017-01,RandomSelectiveUpdate,1680,5600,2.3264,,0.0,0.0,0.0,,0.0,0.0,0.0,,False,False,False,False,random,0.3,standard,9.156077,1.066946,-8.089131,0.09642857142857143
0.8677968370671006,0.9516666666666667,0.0622,0.054,0.9738448333333334,0.8471195239234407,2017-02,RandomSelectiveUpdate,1680,5600,2.6776,,0.0,0.0,0.0,,0.0,0.0,0.0,,False,False,False,False,random,0.3,standard,1.160451,0.388416,-0.772035,0.1125
0.8975863129514193,0.8633333333333333,0.0296,0.0832,0.9428676666666667,0.8271305141989757,2017-03,RandomSelectiveUpdate,1680,5600,2.3613,,0.0,0.0,0.0,,0.0,0.0,0.0,,False,False,False,False,random,0.3,standard,0.885324,0.594604,-0.29072,0.10238095238095238
0.9274517424536857,0.9,0.02,0.019,0.9648038333333333,0.8961369564807498,2017-04,RandomSelectiveUpdate,1680,5600,2.4091,,0.0,0.0,0.0,,0.0,0.0,0.0,,False,False,False,False,random,0.3,standard,0.610608,0.445837,-0.164772,0.11607142857142858
0.9161229916532392,0.8516666666666667,0.0182,0.068,0.9537776666666666,0.8862742604024153,2017-05,RandomSelectiveUpdate,1680,5600,2.1851,,0.0,0.0,0.0,,0.0,0.0,0.0,,False,False,False,False,random,0.3,standard,0.668145,0.55747,-0.110675,0.10773809523809524
0.8759891537626125,0.675,0.008,0.3574,0.9064101666666668,0.7787375715252498,2017-06,RandomSelectiveUpdate,1680,5600,2.1618,,0.0,0.0,0.0,,0.0,0.0,0.0,,False,False,False,False,random,0.3,standard,1.029726,0.377244,-0.652482,0.10654761904761904
0.9530576880777257,0.91,0.0092,0.008,0.981417,0.9468761644136725,2017-07,RandomSelectiveUpdate,1680,5600,2.3247,,0.0,0.0,0.0,,0.0,0.0,0.0,,False,False,False,False,random,0.3,standard,0.348964,0.317174,-0.03179,0.10535714285714286
0.945480136410924,0.86,0.0056,0.007,0.9795893333333334,0.9336187823074161,2017-08,RandomSelectiveUpdate,1680,5600,2.2726,,0.0,0.0,0.0,,0.0,0.0,0.0,,False,False,False,False,random,0.3,standard,0.425067,0.428695,0.003628,0.10238095238095238
0.9101432573211851,0.7766666666666666,0.0092,0.0156,0.9805748333333333,0.8997565207859168,2017-09,RandomSelectiveUpdate,1680,5600,2.3669,,0.0,0.0,0.0,,0.0,0.0,0.0,,False,False,False,False,random,0.3,standard,0.581768,0.400808,-0.18096,0.10595238095238095
0.9512407873979598,0.8583333333333333,0.0028,0.005,0.9751216666666667,0.9397438459243058,2017-10,RandomSelectiveUpdate,1680,5600,2.389,,0.0,0.0,0.0,,0.0,0.0,0.0,,False,False,False,False,random,0.3,standard,0.352597,0.310537,-0.04206,0.10297619047619047
0.9353151927938714,0.88,0.0132,0.0194,0.9829873333333333,0.9206013895707057,2017-11,RandomSelectiveUpdate,1680,5600,2.4759,,0.0,0.0,0.0,,0.0,0.0,0.0,,False,False,False,False,random,0.3,standard,0.484806,0.25065,-0.234155,0.10595238095238095
0.9453337635155816,0.91,0.0128,0.0092,0.9667255,0.9215198266537541,2017-12,RandomSelectiveUpdate,1680,5600,2.3889,,0.0,0.0,0.0,,0.0,0.0,0.0,,False,False,False,False,random,0.3,standard,0.411783,0.268629,-0.143154,0.10654761904761904
0.908128190409146,0.9066666666666666,0.031,0.0306,0.9643788333333333,0.8260673150711633,2018-01,RandomSelectiveUpdate,1680,5600,2.4508,,0.0,0.0,0.0,,0.0,0.0,0.0,,False,False,False,False,random,0.3,standard,0.809079,0.509788,-0.299291,0.10833333333333334
0.9133826872865034,0.9116666666666666,0.029,0.0238,0.9685415,0.8723222531664326,2018-02,RandomSelectiveUpdate,1680,5600,2.3372,,0.0,0.0,0.0,,0.0,0.0,0.0,,False,False,False,False,random,0.3,standard,0.704082,0.543388,-0.160694,0.10773809523809524
0.7042431249984451,0.8066666666666666,0.1636,0.1722,0.8550278333333333,0.454845914313681,2018-03,RandomSelectiveUpdate,1680,5600,2.5848,,0.0,0.0,0.0,,0.0,0.0,0.0,,False,False,False,False,random,0.3,standard,4.373033,3.928925,-0.444108,0.10416666666666667
0.8172283643408264,0.9433333333333334,0.0958,0.0548,0.9568906666666667,0.7834196241678274,2018-04,RandomSelectiveUpdate,1680,5600,2.4875,,0.0,0.0,0.0,,0.0,0.0,0.0,,False,False,False,False,random,0.3,standard,1.920995,0.572714,-1.348281,0.0994047619047619
0.8795797060115078,0.68,0.0072,0.0096,0.9664433333333334,0.907298540719149,2018-05,RandomSelectiveUpdate,1680,5600,2.3531,,0.0,0.0,0.0,,0.0,0.0,0.0,,False,False,False,False,random,0.3,standard,0.509302,0.416112,-0.093189,0.11071428571428571
0.9375865686295691,0.86,0.0092,0.0146,0.9727714999999999,0.9164802547964149,2018-06,RandomSelectiveUpdate,1680,5600,2.4143,,0.0,0.0,0.0,,0.0,0.0,0.0,,False,False,False,False,random,0.3,standard,0.501747,0.32636,-0.175387,0.11428571428571428
0.9250545235117715,0.85,0.0136,0.0222,0.9733726666666667,0.9018852282598351,2018-07,RandomSelectiveUpdate,1680,5600,3.0757,,0.0,0.0,0.0,,0.0,0.0,0.0,,False,False,False,False,random,0.3,standard,0.567711,0.569675,0.001964,0.10357142857142858
0.9070302502983039,0.7466666666666667,0.0058,0.0234,0.9647186666666667,0.9071395032700379,2018-08,RandomSelectiveUpdate,1680,5600,2.6854,,0.0,0.0,0.0,,0.0,0.0,0.0,,False,False,False,False,random,0.3,standard,0.593718,0.428782,-0.164935,0.10773809523809524
0.9325113089158032,0.9033333333333333,0.018,0.018,0.9757801666666667,0.9060689581257739,2018-09,RandomSelectiveUpdate,1680,5600,2.801,,0.0,0.0,0.0,,0.0,0.0,0.0,,False,False,False,False,random,0.3,standard,0.577143,0.30955,-0.267593,0.10773809523809524
0.871609468992399,0.7455197132616488,0.0218,0.467,0.9033550179211469,0.7780948331703892,2018-10,RandomSelectiveUpdate,1667,5558,2.7931,,0.0,0.0,0.0,,0.0,0.0,0.0,,False,False,False,False,random,0.3,standard,1.09933,1.814373,0.715042,0.09718056388722256
0.7719032294430066,0.9221967963386728,0.1006,0.0676,0.9594242562929062,0.7968705507947368,2018-11,RandomSelectiveUpdate,1631,5437,2.8042,,0.0,0.0,0.0,,0.0,0.0,0.0,,False,False,False,False,random,0.3,standard,1.764823,0.380065,-1.384758,0.07480073574494175
0.8287099211012254,0.6666666666666666,0.02,0.28,0.9143034055727554,0.612834480726468,2018-12,RandomSelectiveUpdate,272,907,0.6812,,0.0,0.0,0.0,,0.0,0.0,0.0,,False,False,False,False,random,0.3,standard,0.8328,0.728108,-0.104693,0.04779411764705882
0.7350407851336704,0.37026239067055394,0.009490940465918895,0.15415588150704632,0.9210580818053833,0.713967937985939,2016-01,UncertaintyOnlyUpdate,1146,3820,1.6691,,0.0,0.0,0.0,,0.0,0.0,0.0,,False,False,False,False,uncertainty,0.3,standard,1.386864,0.424497,-0.962366,0.1762652705061082
0.8706125535251258,0.6750524109014675,0.010608739580702197,0.2028289972215206,0.9338759496579987,0.8295648860802487,2016-02,UncertaintyOnlyUpdate,1330,4436,1.941,,0.0,0.0,0.0,,0.0,0.0,0.0,,False,False,False,False,uncertainty,0.3,standard,0.965315,0.572594,-0.392721,0.18646616541353384
0.8953801329363333,0.8960629921259843,0.03351091252792576,0.03351091252792576,0.9708952345899192,0.880383587118818,2016-03,UncertaintyOnlyUpdate,1936,6454,2.9171,,0.0,0.0,0.0,,0.0,0.0,0.0,,False,False,False,False,uncertainty,0.3,standard,0.780296,0.358157,-0.422139,0.11363636363636363
0.9041389018652835,0.7728758169934641,0.009891662741403674,0.046004082273512326,0.9632179767809149,0.8821884611834816,2016-04,UncertaintyOnlyUpdate,2094,6981,3.2172,,0.0,0.0,0.0,,0.0,0.0,0.0,,False,False,False,False,uncertainty,0.3,standard,0.649569,0.420375,-0.229194,0.11079274116523401
0.9161786522840578,0.8827433628318584,0.021728395061728394,0.03777777777777778,0.9707265377471868,0.9055357566769805,2016-05,UncertaintyOnlyUpdate,1350,4502,2.2203,,0.0,0.0,0.0,,0.0,0.0,0.0,,False,False,False,False,uncertainty,0.3,standard,0.616789,0.376356,-0.240433,0.1111111111111111
0.9151129926846622,0.9028776978417267,0.02280014250089063,0.02173138582116138,0.9750687515537979,0.8894911224243388,2016-06,UncertaintyOnlyUpdate,925,3085,1.5514,,0.0,0.0,0.0,,0.0,0.0,0.0,,False,False,False,False,uncertainty,0.3,standard,0.63132,0.496852,-0.134468,0.09297297297297297
0.9245087476507576,0.8835227272727273,0.018512396694214877,0.019504132231404958,0.9696459429000752,0.8978817976216278,2016-07,UncertaintyOnlyUpdate,1013,3377,1.759,,0.0,0.0,0.0,,0.0,0.0,0.0,,False,False,False,False,uncertainty,0.3,standard,0.607942,0.561585,-0.046357,0.12043435340572557
0.9023134863701578,0.7695035460992907,0.011468359614990785,0.03829612942862994,0.9563918022143695,0.8754915921853494,2016-08,UncertaintyOnlyUpdate,1634,5447,2.7489,,0.0,0.0,0.0,,0.0,0.0,0.0,,False,False,False,False,uncertainty,0.3,standard,0.810981,0.580611,-0.23037,0.13341493268053856
0.9021375047480922,0.8175675675675675,0.018142235123367198,0.11030478955007257,0.9503393088298748,0.851285721709202,2016-09,UncertaintyOnlyUpdate,457,1526,0.8427,,0.0,0.0,0.0,,0.0,0.0,0.0,,False,False,False,False,uncertainty,0.3,standard,0.779882,0.551159,-0.228723,0.11159737417943107
0.892293867370892,0.7037037037037037,0.005277044854881266,0.2436675461741425,0.9455438287892114,0.8281887209403149,2016-10,UncertaintyOnlyUpdate,251,839,0.4765,,0.0,0.0,0.0,,0.0,0.0,0.0,,False,False,False,False,uncertainty,0.3,standard,0.860381,0.613558,-0.246823,0.11553784860557768
0.851567944250871,0.6521739130434783,0.015789473684210527,0.3157894736842105,0.891304347826087,0.7554942028218832,2016-11,UncertaintyOnlyUpdate,63,213,0.1288,,0.0,0.0,0.0,,0.0,0.0,0.0,,False,False,False,False,uncertainty,0.3,standard,1.292427,1.029626,-0.262801,0.06349206349206349
0.6785714285714286,0.25,0.0,0.9850746268656716,0.7257462686567164,0.4093019369425007,2016-12,UncertaintyOnlyUpdate,22,75,0.0465,,0.0,0.0,0.0,,0.0,0.0,0.0,,False,False,False,False,uncertainty,0.3,standard,2.210482,2.293451,0.082969,0.13636363636363635
0.7299043041814728,0.5033333333333333,0.0536,0.2596,0.8712966666666667,0.580341859747095,2017-01,UncertaintyOnlyUpdate,1680,5600,2.4105,,0.0,0.0,0.0,,0.0,0.0,0.0,,False,False,False,False,uncertainty,0.3,standard,2.297303,0.482985,-1.814318,0.13452380952380952
0.9308713055577209,0.8416666666666667,0.0096,0.022,0.9673640000000001,0.8956382394677554,2017-02,UncertaintyOnlyUpdate,1680,5600,2.743,,0.0,0.0,0.0,,0.0,0.0,0.0,,False,False,False,False,uncertainty,0.3,standard,0.522785,0.294104,-0.228681,0.20535714285714285
0.8892409190595911,0.685,0.0036,0.1754,0.9298866666666666,0.8690760628833096,2017-03,UncertaintyOnlyUpdate,1680,5600,2.3454,,0.0,0.0,0.0,,0.0,0.0,0.0,,False,False,False,False,uncertainty,0.3,standard,0.652491,0.544642,-0.107849,0.2017857142857143
0.9231103126732865,0.9316666666666666,0.027,0.0154,0.9584181666666667,0.8996805673910059,2017-04,UncertaintyOnlyUpdate,1680,5600,2.4207,,0.0,0.0,0.0,,0.0,0.0,0.0,,False,False,False,False,uncertainty,0.3,standard,0.684125,0.270563,-0.413563,0.10535714285714286
0.9261764178168217,0.8416666666666667,0.0118,0.1384,0.9395546666666666,0.8835372769956045,2017-05,UncertaintyOnlyUpdate,1680,5600,2.1486,,0.0,0.0,0.0,,0.0,0.0,0.0,,False,False,False,False,uncertainty,0.3,standard,0.600446,0.423017,-0.177429,0.13154761904761905
0.928898113429351,0.8116666666666666,0.006,0.0574,0.9640066666666667,0.9011215505698377,2017-06,UncertaintyOnlyUpdate,1680,5600,2.211,,0.0,0.0,0.0,,0.0,0.0,0.0,,False,False,False,False,uncertainty,0.3,standard,0.580434,0.354226,-0.226208,0.16428571428571428
0.9322430712325991,0.8916666666666667,0.0164,0.0164,0.9798430000000001,0.9338148038967465,2017-07,UncertaintyOnlyUpdate,1680,5600,2.2888,,0.0,0.0,0.0,,0.0,0.0,0.0,,False,False,False,False,uncertainty,0.3,standard,0.377416,0.223506,-0.15391,0.12738095238095237
0.9652112593289064,0.93,0.0064,0.0054,0.985333,0.9557796301239769,2017-08,UncertaintyOnlyUpdate,1680,5600,2.1889,,0.0,0.0,0.0,,0.0,0.0,0.0,,False,False,False,False,uncertainty,0.3,standard,0.273334,0.226923,-0.046411,0.16845238095238096
0.9547589555683818,0.9416666666666667,0.0128,0.0088,0.9803946666666666,0.9343194839740206,2017-09,UncertaintyOnlyUpdate,1680,5600,2.3512,,0.0,0.0,0.0,,0.0,0.0,0.0,,False,False,False,False,uncertainty,0.3,standard,0.381942,1.206516,0.824574,0.14107142857142857
0.8639018870232743,0.9633333333333334,0.0668,0.0183,0.9673473333333333,0.8957479937901928,2017-10,UncertaintyOnlyUpdate,1680,5600,2.3877,,0.0,0.0,0.0,,0.0,0.0,0.0,,False,False,False,False,uncertainty,0.3,standard,1.142262,0.363073,-0.779188,0.027976190476190477
0.950424774281706,0.87,0.0048,0.0074,0.976435,0.935966848218424,2017-11,UncertaintyOnlyUpdate,1680,5600,2.4646,,0.0,0.0,0.0,,0.0,0.0,0.0,,False,False,False,False,uncertainty,0.3,standard,0.351347,0.195536,-0.155811,0.21666666666666667
0.9432234771910952,0.91,0.0138,0.0106,0.9708813333333334,0.9171112130065805,2017-12,UncertaintyOnlyUpdate,1680,5600,2.3583,,0.0,0.0,0.0,,0.0,0.0,0.0,,False,False,False,False,uncertainty,0.3,standard,0.495677,0.344113,-0.151565,0.14285714285714285
0.8943737125555308,0.8183333333333334,0.0238,0.0266,0.9608971666666667,0.8039409386194706,2018-01,UncertaintyOnlyUpdate,1680,5600,2.3731,,0.0,0.0,0.0,,0.0,0.0,0.0,,False,False,False,False,uncertainty,0.3,standard,0.835086,0.367402,-0.467684,0.2375
0.9351638190954774,0.9216666666666666,0.0194,0.0122,0.9679736666666667,0.9112258631150699,2018-02,UncertaintyOnlyUpdate,1680,5600,2.3677,,0.0,0.0,0.0,,0.0,0.0,0.0,,False,False,False,False,uncertainty,0.3,standard,0.5676,0.35752,-0.21008,0.12916666666666668
0.7241570095913155,0.8883333333333333,0.1648,0.1662,0.8671013333333334,0.5408132356786153,2018-03,UncertaintyOnlyUpdate,1680,5600,2.6279,,0.0,0.0,0.0,,0.0,0.0,0.0,,False,False,False,False,uncertainty,0.3,standard,4.31376,0.665313,-3.648447,0.16488095238095238
0.923779677958602,0.8133333333333334,0.0086,0.1218,0.9638391666666666,0.8822877583982807,2018-04,UncertaintyOnlyUpdate,1680,5600,2.4935,,0.0,0.0,0.0,,0.0,0.0,0.0,,False,False,False,False,uncertainty,0.3,standard,0.58558,0.425029,-0.160551,0.1875
0.9533048079711279,0.895,0.007,0.0082,0.9610658333333334,0.9052048471441233,2018-05,UncertaintyOnlyUpdate,1680,5600,2.4089,,0.0,0.0,0.0,,0.0,0.0,0.0,,False,False,False,False,uncertainty,0.3,standard,0.397388,0.618999,0.221611,0.20416666666666666
0.9334879459128447,0.835,0.0074,0.0112,0.9732258333333333,0.923688679741234,2018-06,UncertaintyOnlyUpdate,1680,5600,2.5319,,0.0,0.0,0.0,,0.0,0.0,0.0,,False,False,False,False,uncertainty,0.3,standard,0.46964,0.258761,-0.210879,0.21964285714285714
0.9280277500426459,0.87,0.0152,0.0232,0.9638806666666667,0.8852277142734933,2018-07,UncertaintyOnlyUpdate,1680,5600,3.1147,,0.0,0.0,0.0,,0.0,0.0,0.0,,False,False,False,False,uncertainty,0.3,standard,0.563824,0.323573,-0.240251,0.18214285714285713
0.9465535018874999,0.8816666666666667,0.0082,0.0096,0.9688961666666667,0.9182637342364199,2018-08,UncertaintyOnlyUpdate,1680,5600,2.5892,,0.0,0.0,0.0,,0.0,0.0,0.0,,False,False,False,False,uncertainty,0.3,standard,0.398909,0.32457,-0.074339,0.1869047619047619
0.9580663082390533,0.915,0.0076,0.0068,0.9732816666666666,0.9261907127893511,2018-09,UncertaintyOnlyUpdate,1680,5600,2.6743,,0.0,0.0,0.0,,0.0,0.0,0.0,,False,False,False,False,uncertainty,0.3,standard,0.366585,0.272356,-0.094228,0.17083333333333334
0.8380865460480442,0.6702508960573477,0.0252,0.2958,0.9212847670250895,0.7780639487763295,2018-10,UncertaintyOnlyUpdate,1667,5558,2.7881,,0.0,0.0,0.0,,0.0,0.0,0.0,,False,False,False,False,uncertainty,0.3,standard,0.939593,0.530427,-0.409166,0.20575884823035392
0.907256052152418,0.7734553775743707,0.0082,0.0284,0.9609409610983981,0.8562105288121661,2018-11,UncertaintyOnlyUpdate,1631,5437,2.7897,,0.0,0.0,0.0,,0.0,0.0,0.0,,False,False,False,False,uncertainty,0.3,standard,0.453648,0.292753,-0.160895,0.19987737584304108
0.883747109142077,0.7192982456140351,0.00823529411764706,0.25529411764705884,0.9201651186790507,0.7499754499621157,2018-12,UncertaintyOnlyUpdate,272,907,0.6896,,0.0,0.0,0.0,,0.0,0.0,0.0,,False,False,False,False,uncertainty,0.3,standard,0.566188,0.445716,-0.120472,0.10661764705882353
0.7350407851336704,0.37026239067055394,0.009490940465918895,0.15415588150704632,0.9210580818053833,0.713967937985939,2016-01,DriftOnlyUpdate,1146,3820,1.6467,,0.0,0.0,0.0135,0.0688,0.0,0.0449,0.0,0.0,False,False,False,True,random,0.3,drift_reg,1.386864,0.935576,-0.451287,0.08726003490401396
0.8800294454453476,0.8532494758909853,0.03763576660772922,0.11846425865117453,0.9451979752632196,0.8184221607496678,2016-02,DriftOnlyUpdate,1330,4436,1.9726,,0.0,0.0,0.0223,0.1501,0.0557,0.0,0.0,0.0,False,False,False,True,random,0.3,drift_reg,1.111983,0.792333,-0.31965,0.1037593984962406
0.8960975524525412,0.7086614173228346,0.004468121670390101,0.1266540642722117,0.9444944811525643,0.8680344376746831,2016-03,DriftOnlyUpdate,1936,6454,2.9076,,0.0,0.0,0.154,0.3454,0.2727,0.1499,0.0,0.0,False,False,False,True,random,0.3,drift_reg,0.718617,0.566782,-0.151836,0.10175619834710743
0.8922713356907024,0.7973856209150327,0.018056209766054324,0.21479039095619407,0.9492097906834267,0.8320927401063141,2016-04,DriftOnlyUpdate,2094,6981,3.2112,,0.0,0.0,0.0431,0.1108,0.012,0.1275,0.0,0.0,False,False,False,True,random,0.3,drift_reg,0.799586,0.385469,-0.414117,0.08022922636103152
0.901887510953895,0.7787610619469026,0.012839506172839505,0.08320987654320988,0.958647164863979,0.8780504921694584,2016-05,DriftOnlyUpdate,1350,4502,2.2531,,0.0,0.0,0.0287,0.0558,0.0,0.0956,0.0,0.0,False,False,False,True,random,0.3,drift_reg,0.762283,0.532501,-0.229783,0.08962962962962963
0.9102062057144209,0.8381294964028777,0.016387602422515142,0.033843961524759526,0.9676566548684814,0.8657703665986098,2016-06,DriftOnlyUpdate,925,3085,1.6009,,0.0,0.0,0.1744,0.3669,0.2965,0.1861,0.0,0.0,False,False,False,True,random,0.3,drift_reg,0.702054,1.162827,0.460773,0.0918918918918919
0.8849066968187905,0.9573863636363636,0.0512396694214876,0.033054545454545455,0.9721929000751316,0.8534280390440571,2016-07,DriftOnlyUpdate,1013,3377,1.8117,,0.0,0.0,0.0442,0.1772,0.0857,0.0329,0.0,0.0,False,False,False,True,random,0.3,drift_reg,1.200641,0.527114,-0.673527,0.1016781836130306
0.9087538350555442,0.8546099290780141,0.0217079664140897,0.03972967438050379,0.9540363295439526,0.857062105852452,2016-08,DriftOnlyUpdate,1634,5447,2.8529,,0.0,0.0,0.064,0.1894,0.0993,0.0807,0.0,0.0,False,False,False,True,random,0.3,drift_reg,0.825045,0.682673,-0.142372,0.10342717258261934
0.8749724761246384,0.7364864864864865,0.018142235123367198,0.25616835994194487,0.918131938179108,0.7786259575530592,2016-09,DriftOnlyUpdate,457,1526,0.8986,,0.0,0.0,0.0212,0.0761,0.0,0.0705,0.0,0.0,False,False,False,True,random,0.3,drift_reg,0.966429,0.759579,-0.20685,0.087527352297593
0.8308467741935484,0.5432098765432098,0.00395778364116095,0.14234828496042218,0.9440535522329716,0.8083031771842475,2016-10,DriftOnlyUpdate,251,839,0.4727,,0.0,0.0,0.0818,0.1976,0.1085,0.1281,0.0,0.0,False,False,False,True,random,0.3,drift_reg,1.220901,1.148002,-0.072899,0.10756972111553785
0.8881889763779528,0.782608695652174,0.021052631578947368,0.5947368421052631,0.8858123569794051,0.7903696032067786,2016-11,DriftOnlyUpdate,63,213,0.1331,,0.0,0.0,0.1011,0.3274,0.2526,0.0,0.0,0.0,False,False,False,True,random,0.3,drift_reg,1.013148,0.889858,-0.12329,0.07936507936507936
0.6785714285714286,0.25,0.0,0.835820895522388,0.7723880597014925,0.4676552659694107,2016-12,DriftOnlyUpdate,22,75,0.0525,,0.0,0.0,0.1026,0.3309,0.2566,0.0,0.0,0.0,False,False,False,True,random,0.3,drift_reg,2.080429,14.798016,12.717588,0.13636363636363635
0.4055866646657679,0.985,0.6304,0.4088,0.7343476666666666,0.45509243776054553,2017-01,DriftOnlyUpdate,1680,5600,2.4068,,0.0,0.0,0.311,0.7997,0.7775,0.0,0.0,0.0,False,False,False,True,random,0.3,drift_reg,12.851288,2.64434,-10.206948,0.09642857142857143
0.7529767443493649,0.9766666666666667,0.158,0.06799304347826088,0.9537333333333333,0.7894528359275024,2017-02,DriftOnlyUpdate,1680,5600,2.7149,,0.0,0.0,0.1991,0.548,0.4978,0.0,0.0,0.0,False,False,False,True,random,0.3,drift_reg,2.90215,0.347764,-2.554385,0.1125
0.911475224730731,0.8383333333333334,0.0184,0.1568,0.9325216666666667,0.8436291136587946,2017-03,DriftOnlyUpdate,1680,5600,2.3268,,0.0,0.0,0.0,0.0504,0.0,0.0,0.0,0.0,False,False,False,True,random,0.3,drift_reg,0.761709,0.782549,0.02084,0.10238095238095238
0.8818236802591584,0.9233333333333333,0.0486,0.0328,0.9589718333333332,0.8654917552360921,2017-04,DriftOnlyUpdate,1680,5600,2.3364,,0.0,0.0,0.1022,0.33,0.2555,0.0,0.0,0.0,False,False,False,True,random,0.3,drift_reg,1.058334,0.788177,-0.270157,0.11607142857142858
0.879326368648212,0.8583333333333333,0.0388,0.14874285714285715,0.9438816666666667,0.8472624800409013,2017-05,DriftOnlyUpdate,1680,5600,2.0995,,0.0,0.0,0.1522,0.4426,0.3806,0.0,0.0,0.0,False,False,False,True,random,0.3,drift_reg,0.972282,0.542468,-0.429814,0.10773809523809524
0.8753466683981734,0.67,0.0074,0.5334,0.8722965,0.7587614576827117,2017-06,DriftOnlyUpdate,1680,5600,2.1149,,0.0,0.0,0.0227,0.151,0.0567,0.0,0.0,0.0,False,False,False,True,random,0.3,drift_reg,1.03276,0.390216,-0.642544,0.10654761904761904
0.9521894903259049,0.91,0.0096,0.0088,0.9802815,0.9352002423556875,2017-07,DriftOnlyUpdate,1680,5600,2.3216,,0.0,0.0,0.0225,0.1506,0.0562,0.0,0.0,0.0,False,False,False,True,random,0.3,drift_reg,0.325829,0.251947,-0.073882,0.10535714285714286
0.9517619553838623,0.9,0.0084,0.0084,0.9831344999999999,0.9362802068379091,2017-08,DriftOnlyUpdate,1680,5600,2.2503,,0.0,0.0,0.0,0.0587,0.0,0.0,0.0,0.0,False,False,False,True,random,0.3,drift_reg,0.346247,0.312918,-0.033329,0.10238095238095238
0.9387589541832142,0.8966666666666666,0.014,0.014,0.9817101666666668,0.912200526795957,2017-09,DriftOnlyUpdate,1680,5600,2.3809,,0.0,0.0,0.0277,0.1624,0.0693,0.0,0.0,0.0,False,False,False,True,random,0.3,drift_reg,0.484945,0.388366,-0.096579,0.10595238095238095
0.9500987041632203,0.8533333333333334,0.0026,0.007,0.9764608333333333,0.934973083864884,2017-10,DriftOnlyUpdate,1680,5600,2.4221,,0.0,0.0,0.0302,0.168,0.0755,0.0,0.0,0.0,False,False,False,True,random,0.3,drift_reg,0.371626,0.340136,-0.03149,0.10297619047619047
0.9336370605179776,0.8233333333333334,0.0056,0.031,0.9826813333333333,0.9232299161745902,2017-11,DriftOnlyUpdate,1680,5600,2.5804,,0.0,0.0,0.0515,0.1786,0.0873,0.0552,0.0,0.0,False,False,False,True,random,0.3,drift_reg,0.520706,0.287208,-0.233498,0.10595238095238095
0.9447280967811025,0.915,0.0138,0.0096,0.9675565,0.9230955193124014,2017-12,DriftOnlyUpdate,1680,5600,2.4317,,0.0,0.0,0.0576,0.2295,0.1439,0.0,0.0,0.0,False,False,False,True,random,0.3,drift_reg,0.43113,0.339644,-0.091487,0.10654761904761904
0.9071287013773145,0.9183333333333333,0.0334,0.03,0.9700658333333333,0.8936192720174706,2018-01,DriftOnlyUpdate,1680,5600,2.4223,,0.0,0.0,0.0315,0.1709,0.0787,0.0,0.0,0.0,False,False,False,True,random,0.3,drift_reg,0.861541,0.509333,-0.352209,0.10833333333333334
0.912605230436821,0.89,0.026,0.0308,0.9607815,0.8770776008315038,2018-02,DriftOnlyUpdate,1680,5600,2.3253,,0.0,0.0,0.114,0.3566,0.2851,0.0,0.0,0.0,False,False,False,True,random,0.3,drift_reg,0.736906,0.45608,-0.280825,0.10773809523809524
0.7176080907127855,0.8633333333333333,0.165,0.175,0.8587421666666667,0.5058066189910521,2018-03,DriftOnlyUpdate,1680,5600,2.6394,,0.0,0.0,0.1038,0.3335,0.2595,0.0,0.0,0.0,False,False,False,True,random,0.3,drift_reg,4.355208,0.587968,-3.76724,0.10416666666666667
0.8989917530326113,0.8666666666666667,0.0294,0.04780000000000002,0.9657635,0.8434507099136885,2018-04,DriftOnlyUpdate,1680,5600,2.5201,,0.0,0.0,0.0605,0.2362,0.1514,0.0,0.0,0.0,False,False,False,True,random,0.3,drift_reg,0.770607,0.595452,-0.175155,0.0994047619047619
0.8924022837066315,0.725,0.009,0.012,0.9659771666666666,0.8966250613423162,2018-05,DriftOnlyUpdate,1680,5600,2.3538,,0.0,0.0,0.0965,0.3172,0.2414,0.0,0.0,0.0,False,False,False,True,random,0.3,drift_reg,0.485592,0.417663,-0.067929,0.11071428571428571
0.9411709994550118,0.87,0.009,0.0136,0.976351,0.9269916441128959,2018-06,DriftOnlyUpdate,1680,5600,2.3547,,0.0,0.0,0.0577,0.2298,0.1442,0.0,0.0,0.0,False,False,False,True,random,0.3,drift_reg,0.456262,0.335405,-0.120857,0.11428571428571428
0.9223266484515107,0.8766666666666667,0.019,0.0228,0.9759913333333333,0.8996509954132269,2018-07,DriftOnlyUpdate,1680,5600,2.8932,,0.0,0.0,0.0,0.0915,0.0,0.0,0.0,0.0,False,False,False,True,random,0.3,drift_reg,0.622486,0.470045,-0.152442,0.10357142857142858
0.9159704976892331,0.79,0.0086,0.0226,0.9678226666666666,0.9067490561509066,2018-08,DriftOnlyUpdate,1680,5600,2.7029,,0.0,0.0,0.0051,0.1115,0.0128,0.0,0.0,0.0,False,False,False,True,random,0.3,drift_reg,0.516011,0.444307,-0.071704,0.10773809523809524
0.9340752956020952,0.8516666666666667,0.0096,0.0126,0.9742761666666666,0.9285362667443628,2018-09,DriftOnlyUpdate,1680,5600,2.8208,,0.0,0.0,0.0028,0.1062,0.0069,0.0001,0.0,0.0,False,False,False,True,random,0.3,drift_reg,0.479485,0.301533,-0.177952,0.10773809523809524
0.8766556614990699,0.6720430107526881,0.007,0.346,0.9079611111111111,0.8021569496024503,2018-10,DriftOnlyUpdate,1667,5558,2.7494,,0.0,0.0,0.0047,0.0534,0.0,0.0157,0.0,0.0,False,False,False,True,random,0.3,drift_reg,0.845548,0.949643,0.104095,0.09718056388722256
0.858224753096383,0.9130434782608695,0.0472,0.0398,0.9635057208237987,0.8193899152891269,2018-11,DriftOnlyUpdate,1631,5437,2.8237,,0.0,0.0,0.1802,0.5056,0.4506,0.0,0.0,0.0,False,False,False,True,random,0.3,drift_reg,0.885752,0.447067,-0.438684,0.07480073574494175
0.8410467732386027,0.7719298245614035,0.02823529411764706,0.20588235294117646,0.9184004127966976,0.6742054532918857,2018-12,DriftOnlyUpdate,272,907,0.7167,,0.0,0.0,0.0355,0.1799,0.0887,0.0,0.0,0.0,False,False,False,True,random,0.3,drift_reg,0.848634,0.633506,-0.215128,0.04779411764705882
0.7350407851336704,0.37026239067055394,0.009490940465918895,0.15415588150704632,0.9210580818053833,0.713967937985939,2016-01,Proposed,1147,3820,4.2678,25.0,5.0,0.0,0.0135,0.0688,0.0,0.0449,0.0,0.0,False,False,False,True,cluster,0.3,drift_reg,1.386864,0.683134,-0.70373,0.11682650392327812
0.8873815611691666,0.790356394129979,0.022733013387218996,0.3018438999747411,0.9262895411722779,0.8088485541870835,2016-02,Proposed,1329,4436,4.6189,30.0,5.0,0.0,0.3784,0.2109,0.1232,0.0969,1.0,0.0,True,False,False,True,cluster,0.3,drift_reg,0.999441,1.148893,0.149452,0.10458991723100075
0.865814773069713,0.8535433070866142,0.04244715586870596,0.08609726757174772,0.9531806612332936,0.8085120961511332,2016-03,Proposed,2903,6454,6.578,35.0,5.0,0.0,0.5863,0.4852,0.428,0.3836,1.0,0.0,True,True,True,True,cluster,0.45,drift_reg,1.232779,0.36743,-0.865349,0.09679641749913882
0.8997014725521103,0.7075163398692811,0.002826189354686764,0.13769822578112734,0.9487637730551477,0.8531897624732028,2016-04,Proposed,3143,6981,7.3483,40.0,5.0,0.0,0.6586,0.5319,0.4799,0.5556,1.0,0.0,True,True,True,True,cluster,0.45,drift_reg,0.706047,0.305611,-0.400436,0.09067769646834235
0.9231905900968843,0.8075221238938053,0.007654320987654321,0.046419753086419754,0.961533377034852,0.8930818881272469,2016-05,Proposed,2023,4502,5.3045,43.0,3.0,0.0,0.57,0.3549,0.2833,0.5222,1.0,0.0,True,True,True,True,cluster,0.45,drift_reg,0.611089,0.408447,-0.202643,0.09293129016312407
0.9044995124367329,0.8201438848920863,0.016387602422515142,0.032418952618453865,0.9745113065230039,0.8711791003494521,2016-06,Proposed,1389,3085,3.9759,44.0,2.0,1.0,0.6784,0.5379,0.4865,0.6127,1.0,0.0,True,True,True,True,cluster,0.45,drift_reg,0.719614,0.59116,-0.128453,0.08351331893448524
0.8967278287461773,0.7556818181818182,0.011900826446280991,0.04396694214876033,0.9586232156273478,0.8717612994182479,2016-07,Proposed,1518,3377,4.3925,46.0,2.0,0.0,0.4951,0.3795,0.3105,0.5695,0.6667,0.0,True,False,True,True,cluster,0.45,drift_reg,0.874518,0.481801,-0.392717,0.10342555994729907
0.89679851590384,0.7624113475177305,0.012901904566864632,0.04648781486790907,0.9608287836073336,0.8716867158923942,2016-08,Proposed,2451,5447,6.2384,48.0,2.0,0.0,0.5462,0.4736,0.4151,0.6005,0.6667,0.0,True,True,True,True,cluster,0.45,drift_reg,0.860522,0.545575,-0.314946,0.0999592003263974
0.9066939864051777,0.777027027027027,0.010159651669085631,0.26705370101596515,0.9273280900639391,0.8290186499417683,2016-09,Proposed,688,1526,2.4158,49.0,1.0,0.0,0.4567,0.2993,0.2215,0.5603,0.6667,0.0,True,False,True,True,cluster,0.45,drift_reg,0.790466,0.793972,0.003507,0.10319767441860465
0.8812208527648234,0.7654320987654321,0.01978891820580475,0.11543535620052772,0.965259454705365,0.8165457844059981,2016-10,Proposed,377,839,1.5958,50.0,1.0,0.0,0.3444,0.3156,0.2395,0.4953,0.3333,0.0,False,False,True,True,cluster,0.45,drift_reg,1.056082,0.652747,-0.403335,0.08753315649867374
0.8729874776386404,0.6521739130434783,0.005263157894736842,0.6578947368421053,0.8945080091533181,0.8372173193895678,2016-11,Proposed,63,213,0.7786,51.0,1.0,0.0,0.3301,0.3008,0.2231,0.4696,0.3333,0.0,False,False,False,True,cluster,0.3,drift_reg,1.023831,1.308879,0.285048,0.09523809523809523
0.6785714285714286,0.25,0.0,0.5522388059701493,0.853544776119403,0.5132431457431458,2016-12,Proposed,21,75,0.371,51.0,0.0,0.0,0.2673,0.2871,0.2079,0.2803,0.3333,6e-06,False,False,False,True,cluster,0.3,drift_reg,1.68719,2.798564,1.111375,0.19047619047619047
0.774622851874057,0.7883333333333333,0.0948,0.1154,0.9226906666666668,0.648843489515203,2017-01,Proposed,1682,5600,5.6189,51.0,1.0,1.0,0.1496,0.4109,0.3454,0.0382,0.0,0.0,False,False,False,True,cluster,0.3,drift_reg,2.158187,0.593748,-1.564439,0.10463733650416171
0.9065930188546096,0.8083333333333333,0.016,0.0316,0.9704923333333333,0.8949747148842899,2017-02,Proposed,1674,5600,6.3477,51.0,2.0,2.0,0.1442,0.1479,0.0532,0.0765,0.3333,0.0,False,False,False,True,cluster,0.3,drift_reg,0.693575,0.351531,-0.342043,0.1027479091995221
0.928622178618628,0.7883333333333333,0.0026,0.2646,0.9303301666666667,0.8756719170507687,2017-03,Proposed,1674,5600,5.7737,53.0,2.0,0.0,0.4092,0.404,0.3378,0.2471,0.6667,0.0,True,False,False,True,cluster,0.3,drift_reg,0.617311,0.723225,0.105915,0.10454002389486261
0.9153729907954389,0.82,0.0136,0.0174,0.9774065,0.884433255057647,2017-04,Proposed,2519,5600,5.8189,54.0,1.0,0.0,0.3346,0.2378,0.1531,0.2445,0.6667,0.0,False,False,True,True,cluster,0.45,drift_reg,0.627436,0.286517,-0.340919,0.10877332274712187
0.9372007557269599,0.8233333333333334,0.004,0.4062,0.9145233333333334,0.8784796281124208,2017-05,Proposed,1671,5600,5.3144,56.0,2.0,0.0,0.2897,0.3322,0.258,0.2884,0.3333,0.0,False,False,False,True,cluster,0.3,drift_reg,0.550987,0.485642,-0.065345,0.10831837223219629
0.885995594320937,0.7016666666666667,0.008,0.2354,0.9434113333333333,0.8442955335781226,2017-06,Proposed,1686,5600,5.2263,56.0,1.0,1.0,0.2784,0.1156,0.0174,0.2382,0.6667,0.0,False,False,False,True,cluster,0.3,drift_reg,0.984026,0.401367,-0.58266,0.10438908659549229
0.928597353700554,0.8266666666666667,0.0084,0.0286,0.9722508333333333,0.9186921655432834,2017-07,Proposed,1674,5600,5.3809,57.0,1.0,0.0,0.1923,0.2258,0.1398,0.1212,0.3333,0.0,False,False,False,True,cluster,0.3,drift_reg,0.506743,0.256578,-0.250164,0.10454002389486261
0.9598144025572652,0.9516666666666667,0.0118,0.0076,0.9855448333333334,0.9469046144315052,2017-08,Proposed,1681,5600,5.4337,57.0,1.0,1.0,0.1667,0.2311,0.1457,0.0279,0.3333,0.0,False,False,False,True,cluster,0.3,drift_reg,0.340326,0.334155,-0.006171,0.10707911957168352
0.9387030164515042,0.88,0.0116,0.0138,0.9742359999999999,0.912513841756872,2017-09,Proposed,1678,5600,5.8754,58.0,1.0,0.0,0.1643,0.2448,0.1608,0.0,0.3333,0.0,False,False,False,True,cluster,0.3,drift_reg,0.477743,0.404374,-0.073368,0.10250297973778308
0.9408868699978369,0.8566666666666667,0.0072,0.0138,0.9782128333333333,0.9324166869750588,2017-10,Proposed,1673,5600,5.8037,59.0,1.0,0.0,0.1053,0.1118,0.0131,0.0,0.3333,0.0,False,False,False,True,cluster,0.3,drift_reg,0.452277,0.387358,-0.064919,0.10639569635385535
0.9307693138117656,0.8333333333333334,0.0084,0.0684,0.9716926666666668,0.88472965684313,2017-11,Proposed,1674,5600,5.7835,60.0,1.0,0.0,0.107,0.0981,0.0,0.0233,0.3333,0.0,False,False,False,True,cluster,0.3,drift_reg,0.60015,0.288432,-0.311718,0.10692951015531661
0.9385801558298987,0.87,0.0102,0.0224,0.9613355,0.9097852958562695,2017-12,Proposed,1672,5600,5.6109,61.0,1.0,0.0,0.111,0.0637,0.0,0.0368,0.3333,0.0,False,False,False,True,cluster,0.3,drift_reg,0.533332,0.301175,-0.232157,0.10944976076555024
0.9093624823094602,0.9133333333333333,0.0314,0.0288,0.9561111666666666,0.8149984487702255,2018-01,Proposed,1677,5600,5.6762,62.0,1.0,0.0,0.1378,0.185,0.0945,0.0,0.3333,0.0,False,False,False,True,cluster,0.3,drift_reg,0.873951,0.689339,-0.184611,0.10793082886106142
0.9243086541700255,0.945,0.0284,0.0208,0.9755760000000001,0.8789865676469513,2018-02,Proposed,1676,5600,5.6752,63.0,1.0,0.0,0.1,0.0974,0.0,0.0,0.3333,0.0,False,False,False,True,cluster,0.3,drift_reg,0.663339,0.462935,-0.200403,0.11276849642004773
0.705440301431717,0.8266666666666667,0.1678,0.1756,0.856363,0.4914330205222277,2018-03,Proposed,1676,5600,6.2535,64.0,1.0,0.0,0.1952,0.3141,0.2379,0.0,0.3333,0.0,False,False,False,True,cluster,0.3,drift_reg,4.39435,0.939732,-3.454617,0.110381861575179
0.880898529336587,0.86,0.0382,0.1024,0.9463006666666667,0.8532497565559026,2018-04,Proposed,1678,5600,5.9646,65.0,1.0,0.0,0.1806,0.2813,0.2014,0.0,0.3333,0.0,False,False,False,True,cluster,0.3,drift_reg,0.982114,0.545226,-0.436888,0.10786650774731824
0.9473882679457593,0.8716666666666667,0.0064,0.0082,0.9736549999999999,0.9301210672435095,2018-05,Proposed,1676,5600,5.59,66.0,1.0,0.0,0.1596,0.234,0.1489,0.0,0.3333,0.0,False,False,False,True,cluster,0.3,drift_reg,0.410339,0.43403,0.023691,0.10381861575178998
0.9321035979966655,0.9033333333333333,0.0182,0.0176,0.9742146666666667,0.9134457439169579,2018-06,Proposed,1678,5600,5.7801,67.0,1.0,0.0,0.1886,0.2993,0.2214,0.0,0.3333,0.0,False,False,False,True,cluster,0.3,drift_reg,0.587732,0.369355,-0.218377,0.10905840286054827
0.9231344604362087,0.895,0.0214,0.0218,0.9640761666666667,0.8875413903193298,2018-07,Proposed,1673,5600,6.8936,68.0,1.0,0.0,0.1802,0.2805,0.2005,0.0,0.3333,0.0,False,False,False,True,cluster,0.3,drift_reg,0.634462,0.832025,0.197563,0.10759115361625822
0.8946037955180781,0.7216666666666667,0.0074,0.0264,0.9704913333333334,0.8981639997612197,2018-08,Proposed,1670,5600,6.46,69.0,1.0,0.0,0.116,0.1359,0.0399,0.0,0.3333,0.0,False,False,False,True,cluster,0.3,drift_reg,0.752536,0.475681,-0.276855,0.10359281437125749
0.9234379231946903,0.7966666666666666,0.0062,0.012,0.9725793333333334,0.9199976144135541,2018-09,Proposed,1672,5600,6.4795,70.0,1.0,0.0,0.1189,0.1425,0.0472,0.0,0.3333,0.0,False,False,False,True,cluster,0.3,drift_reg,0.552774,0.441594,-0.11118,0.10167464114832536
0.8371432804275691,0.6917562724014337,0.0298,0.4468,0.8896263440860215,0.6713230317484807,2018-10,Proposed,1661,5558,6.3189,71.0,1.0,0.0,0.2056,0.3375,0.2639,0.0,0.3333,0.0,False,False,False,True,cluster,0.3,drift_reg,1.259052,0.772344,-0.486708,0.09873570138470801
0.9042291215571624,0.8421052631578947,0.0176,0.04,0.9545439359267734,0.8164059699453192,2018-11,Proposed,1628,5437,6.421,71.0,1.0,1.0,0.2176,0.3646,0.294,0.0,0.3333,0.0,False,False,False,True,cluster,0.3,drift_reg,0.534618,0.406572,-0.128046,0.07862407862407862
0.8758547815755904,0.7192982456140351,0.010588235294117647,0.2752941176470588,0.9118266253869969,0.7308202105610386,2018-12,Proposed,276,907,2.0817,71.0,1.0,1.0,0.1894,0.3011,0.2235,0.0,0.3333,0.0,False,False,False,True,cluster,0.3,drift_reg,0.621528,0.571113,-0.050415,0.05434782608695652
