month,method,total,updated,n_clusters,n_new_clusters,n_pruned,drift_score,ks_stat,ks_score,confidence_shift_score,novelty_score,ks_pvalue,drift_detected,emergency_flag,drift_applied,use_drift_score,selection_strategy,actual_frac,loss_mode,loss_before,loss_after,loss_delta,mal_rate_selected,time_sec,f1,tpr,fpr,fpr_at_tpr90,auc_roc,auc_pr
2016-01,Random+Standard,3820,1147,,0,0,0.0,,0.0,0.0,0.0,,False,False,False,False,random,0.3003,standard,1.386864,0.661255,-0.725609,0.08805579773321709,1.7557,0.7350407851336704,0.37026239067055394,0.009490940465918895,0.15415588150704632,0.9210580818053833,0.713967937985939
2016-02,Random+Standard,4436,1329,,0,0,0.0,,0.0,0.0,0.0,,False,False,False,False,random,0.2996,standard,1.137729,0.571483,-0.566246,0.11888638073739653,2.0219,0.8721430668971916,0.7274633123689728,0.01944935589795403,0.2775953523617075,0.92112973491919,0.7798381833752212
2016-03,Random+Standard,6454,2903,,0,0,0.0,,0.0,0.0,0.0,,False,False,False,False,random,0.4498,standard,0.602382,0.455792,-0.14659,0.09610747502583535,3.1629,0.912323976229565,0.7811023622047244,0.008420690840350575,0.04296270836913559,0.9590587716318928,0.890218055080122
2016-04,Random+Standard,6981,3143,,0,0,0.0,,0.0,0.0,0.0,,False,False,False,False,random,0.4502,standard,0.679197,0.328571,-0.350626,0.08304167992363984,3.4312,0.9026769613851204,0.7075163398692811,0.0017271157167530224,0.06563039723661486,0.9639374800529936,0.882739046402641
2016-05,Random+Standard,4502,2023,,0,0,0.0,,0.0,0.0,0.0,,False,False,False,False,random,0.4494,standard,0.62397,0.659944,0.035975,0.09738012852199704,2.3963,0.9206654333207689,0.7743362831858407,0.003950617283950617,0.1706172839506173,0.9397304162569651,0.8802026123865574
2016-06,Random+Standard,3085,1389,,0,0,0.0,,0.0,0.0,0.0,,False,False,False,False,random,0.4502,standard,0.815182,0.572525,-0.242657,0.09215262778977681,1.6555,0.8842612856188864,0.697841726618705,0.007481296758104738,0.06768792304951905,0.9574842441686122,0.852105097333024
2016-07,Random+Standard,3377,1518,,0,0,0.0,,0.0,0.0,0.0,,False,False,False,False,random,0.4495,standard,0.716048,0.597326,-0.118721,0.11725955204216074,1.8866,0.9129143664218142,0.7926136363636364,0.010247933884297521,0.03140495867768595,0.9786631292261457,0.9003475073402297
2016-08,Random+Standard,5447,2451,,0,0,0.0,,0.0,0.0,0.0,,False,False,False,False,random,0.45,standard,1.019236,0.595772,-0.423464,0.1003671970624235,2.9576,0.8903477862160571,0.8900709219858156,0.03686258447675609,0.04566864632398116,0.9635807687112474,0.855662853401618
2016-09,Random+Standard,1526,688,,0,0,0.0,,0.0,0.0,0.0,,False,False,False,False,random,0.4509,standard,0.898757,0.702135,-0.196622,0.0872093023255814,0.9059,0.8793728549399649,0.8175675675675675,0.02902757619738752,0.465166908563135,0.9097938649825443,0.8063094558258542
2016-10,Random+Standard,839,377,,0,0,0.0,,0.0,0.0,0.0,,False,False,False,False,random,0.4493,standard,0.98923,0.819898,-0.169332,0.09018567639257294,0.4963,0.8607017756990423,0.7530864197530864,0.027704485488126648,0.17467018469656995,0.9636388807453012,0.820979320800665
2016-11,Random+Standard,213,63,,0,0,0.0,,0.0,0.0,0.0,,False,False,False,False,random,0.2958,standard,1.183768,1.057707,-0.126061,0.09523809523809523,0.1522,0.82879064669346,0.5217391304347826,0.0,0.26842105263157895,0.9093821510297483,0.8154768123919384
2016-12,Random+Standard,75,21,,0,0,0.0,,0.0,0.0,0.0,,False,False,False,False,random,0.28,standard,2.05536,2.000633,-0.054727,0.09523809523809523,0.0463,0.6785714285714286,0.25,0.0,0.8507462686567164,0.7882462686567164,0.5830371502204946
2017-01,Random+Standard,5600,1682,,0,0,0.0,,0.0,0.0,0.0,,False,False,False,False,random,0.3004,standard,1.748401,0.499889,-1.248512,0.10166468489892984,2.4972,0.7562669954939119,0.4216666666666667,0.0126,0.3588,0.9033821666666667,0.7135614641029491
2017-02,Random+Standard,5600,1674,,0,0,0.0,,0.0,0.0,0.0,,False,False,False,False,random,0.2989,standard,0.453075,0.294049,-0.159026,0.11409796893667862,2.8703,0.9402853438700807,0.8616666666666667,0.0082,0.0196,0.9707076666666666,0.9292876444792385
2017-03,Random+Standard,5600,1674,,0,0,0.0,,0.0,0.0,0.0,,False,False,False,False,random,0.2989,standard,0.73093,0.777768,0.046838,0.1111111111111111,2.4425,0.9116511270152348,0.82,0.0154,0.0994,0.9337148333333334,0.8642318973987051
2017-04,Random+Standard,5600,2519,,0,0,0.0,,0.0,0.0,0.0,,False,False,False,False,random,0.4498,standard,0.729108,0.315213,-0.413895,0.11274315204446209,2.4512,0.8704662074619546,0.64,0.0042,0.0338,0.9540351666666667,0.8974139470827722
2017-05,Random+Standard,5600,1671,,0,0,0.0,,0.0,0.0,0.0,,False,False,False,False,random,0.2984,standard,0.59319,0.452836,-0.140354,0.10771992818671454,2.275,0.9162978518387845,0.7833333333333333,0.0074,0.1956,0.9492511666666668,0.8713542939447406
2017-06,Random+Standard,5600,1686,,0,0,0.0,,0.0,0.0,0.0,,False,False,False,False,random,0.3011,standard,0.99526,0.454471,-0.540788,0.10438908659549229,2.3278,0.8844977543747816,0.7033333333333334,0.009,0.6104,0.8587583333333333,0.7512656113504085
2017-07,Random+Standard,5600,1674,,0,0,0.0,,0.0,0.0,0.0,,False,False,False,False,random,0.2989,standard,0.511997,0.332814,-0.179184,0.1015531660692951,2.349,0.9332032688923149,0.9516666666666667,0.0248,0.009,0.9730368333333334,0.9282509002191622
2017-08,Random+Standard,5600,1681,,0,0,0.0,,0.0,0.0,0.0,,False,False,False,False,random,0.3002,standard,0.360829,0.311235,-0.049595,0.0975609756097561,2.3702,0.9550071779961852,0.8933333333333333,0.006,0.0068,0.9782366666666668,0.9295181448158316
2017-09,Random+Standard,5600,1678,,0,0,0.0,,0.0,0.0,0.0,,False,False,False,False,random,0.2996,standard,0.366024,0.485356,0.119332,0.10488676996424315,2.5226,0.9516851196618361,0.9083333333333333,0.0096,0.0088,0.9796075,0.9382874537174732
2017-10,Random+Standard,5600,1673,,0,0,0.0,,0.0,0.0,0.0,,False,False,False,False,random,0.2988,standard,0.408388,0.229152,-0.179237,0.10579796772265392,2.5472,0.9426250223206227,0.9233333333333333,0.016,0.0102,0.9722841666666666,0.9335769824982268
2017-11,Random+Standard,5600,1674,,0,0,0.0,,0.0,0.0,0.0,,False,False,False,False,random,0.2989,standard,0.405351,0.628087,0.222736,0.11230585424133811,2.5715,0.9446617444835106,0.87,0.0074,0.0132,0.9809771666666667,0.9373675020146752
2017-12,Random+Standard,5600,1672,,0,0,0.0,,0.0,0.0,0.0,,False,False,False,False,random,0.2986,standard,0.68446,0.295979,-0.388481,0.10825358851674641,2.5564,0.9098015300415334,0.7433333333333333,0.004,0.0318,0.9708893333333334,0.9082013057797377
2018-01,Random+Standard,5600,1677,,0,0,0.0,,0.0,0.0,0.0,,False,False,False,False,random,0.2995,standard,0.873996,0.533168,-0.340828,0.10554561717352415,2.4591,0.9013259446870128,0.8583333333333333,0.0268,0.0292,0.956828,0.8078220784621698
2018-02,Random+Standard,5600,1676,,0,0,0.0,,0.0,0.0,0.0,,False,False,False,False,random,0.2993,standard,0.689751,0.410848,-0.278902,0.12112171837708831,2.3957,0.9135517587939699,0.8816666666666667,0.0242,0.0338,0.9683935,0.8813899932512741
2018-03,Random+Standard,5600,1676,,0,0,0.0,,0.0,0.0,0.0,,False,False,False,False,random,0.2993,standard,4.412797,1.083123,-3.329674,0.10143198090692124,2.8141,0.7010914251397558,0.7933333333333333,0.1632,0.1832,0.8505866666666666,0.48987811268663817
2018-04,Random+Standard,5600,1678,,0,0,0.0,,0.0,0.0,0.0,,False,False,False,False,random,0.2996,standard,1.467066,0.871167,-0.595899,0.10548271752085817,2.7087,0.8199133945912139,0.8766666666666667,0.0802,0.1062,0.9537876666666667,0.8129304295630417
2018-05,Random+Standard,5600,1676,,0,0,0.0,,0.0,0.0,0.0,,False,False,False,False,random,0.2993,standard,0.811494,0.359641,-0.451853,0.10560859188544153,2.4671,0.8698398740644376,0.6416666666666667,0.0048,0.0658,0.9485996666666666,0.8650187648406845
2018-06,Random+Standard,5600,1678,,0,0,0.0,,0.0,0.0,0.0,,False,False,False,False,random,0.2996,standard,0.501768,0.347344,-0.154424,0.10905840286054827,2.6285,0.9338457661290323,0.9416666666666667,0.023,0.0114,0.9774796666666666,0.922002500464058
2018-07,Random+Standard,5600,1673,,0,0,0.0,,0.0,0.0,0.0,,False,False,False,False,random,0.2988,standard,0.541666,0.65948,0.117814,0.10639569635385535,3.0614,0.9247954049239678,0.84,0.0122,0.0232,0.9628281666666667,0.9030920923412881
2018-08,Random+Standard,5600,1670,,0,0,0.0,,0.0,0.0,0.0,,False,False,False,False,random,0.2982,standard,0.875253,0.537255,-0.337998,0.10479041916167664,2.7801,0.873023435346016,0.7233333333333334,0.0182,0.0574,0.9423361666666668,0.8025486637248983
2018-09,Random+Standard,5600,1672,,0,0,0.0,,0.0,0.0,0.0,,False,False,False,False,random,0.2986,standard,0.609105,0.35141,-0.257695,0.09748803827751196,3.0162,0.908495137642565,0.9116666666666666,0.0316,0.0242,0.9676783333333332,0.9053262130183519
2018-10,Random+Standard,5558,1661,,0,0,0.0,,0.0,0.0,0.0,,False,False,False,False,random,0.2988,standard,0.969515,0.609884,-0.35963,0.09873570138470801,2.94,0.8428938001463826,0.578853046594982,0.0054,0.4422,0.9003120071684587,0.7948840093416978
2018-11,Random+Standard,5437,1628,,0,0,0.0,,0.0,0.0,0.0,,False,False,False,False,random,0.2994,standard,0.518172,0.310875,-0.207297,0.08722358722358722,2.9987,0.8941030123324472,0.8627002288329519,0.0242,0.0396,0.9638480549199084,0.7958464020703949
2018-12,Random+Standard,907,276,,0,0,0.0,,0.0,0.0,0.0,,False,False,False,False,random,0.3043,standard,0.532466,0.291348,-0.241118,0.06521739130434782,0.7278,0.8857316291002382,0.7017543859649122,0.0058823529411764705,0.2023529411764706,0.9229927760577916,0.7480836807430723
2016-01,Cluster+Standard,3820,1147,25.0,5,0,0.0,,0.0,0.0,0.0,,False,False,False,False,cluster,0.3003,standard,1.386864,0.565791,-0.821072,0.11682650392327812,4.0687,0.7350407851336704,0.37026239067055394,0.009490940465918895,0.15415588150704632,0.9210580818053833,0.713967937985939
2016-02,Cluster+Standard,4436,1329,30.0,5,0,0.0,,0.0,0.0,0.0,,False,False,False,False,cluster,0.2996,standard,0.856286,0.928007,0.071721,0.0963130173062453,4.7123,0.9032168812509493,0.7819706498951782,0.01338721899469563,0.1528163677696388,0.9351277745740804,0.8395044346357254
2016-03,Cluster+Standard,6454,2903,35.0,5,0,0.0,,0.0,0.0,0.0,,False,False,False,False,cluster,0.4498,standard,0.890931,0.396915,-0.494016,0.0940406476059249,6.9203,0.885297619001258,0.752755905511811,0.01615397834679498,0.08283210173569341,0.9607633424581163,0.8366510331243944
2016-04,Cluster+Standard,6981,3143,40.0,5,0,0.0,,0.0,0.0,0.0,,False,False,False,False,cluster,0.4502,standard,0.648136,0.251196,-0.396941,0.0935412026726058,7.5375,0.9076090576090576,0.7401960784313726,0.004239284032030146,0.11430365834510912,0.9624637105588034,0.8691272384009534
2016-05,Cluster+Standard,4502,2023,43.0,3,0,0.0,,0.0,0.0,0.0,,False,False,False,False,cluster,0.4494,standard,0.670848,0.389414,-0.281434,0.10034602076124567,5.5179,0.9071757968590279,0.7765486725663717,0.010123456790123457,0.06617283950617284,0.9592292144652026,0.888590933885384
2016-06,Cluster+Standard,3085,1389,44.0,2,1,0.0,,0.0,0.0,0.0,,False,False,False,False,cluster,0.4502,standard,0.56312,0.606819,0.0437,0.09143268538516919,3.9917,0.9238942318640362,0.8741007194244604,0.015318845742785893,0.033843961524759526,0.9661637273722169,0.8803509499155502
2016-07,Cluster+Standard,3377,1518,46.0,2,0,0.0,,0.0,0.0,0.0,,False,False,False,False,cluster,0.4495,standard,0.780032,0.400228,-0.379804,0.10737812911725955,4.4114,0.9085067732622696,0.8920454545454546,0.027768595041322314,0.027768595041322314,0.9754484410217882,0.8888469154463913
2016-08,Cluster+Standard,5447,2451,48.0,2,0,0.0,,0.0,0.0,0.0,,False,False,False,False,cluster,0.45,standard,0.672345,0.51258,-0.159765,0.10240718074255406,6.5696,0.9172156536540811,0.8315602836879432,0.014130657382756501,0.06860536555396272,0.9544488186689092,0.8815649310521577
2016-09,Cluster+Standard,1526,688,49.0,1,0,0.0,,0.0,0.0,0.0,,False,False,False,False,cluster,0.4509,standard,0.822167,0.926882,0.104715,0.09738372093023256,2.3855,0.89940633373273,0.7702702702702703,0.012336719883889695,0.07256894049346879,0.9458552347703292,0.8480072126534711
2016-10,Cluster+Standard,839,377,50.0,1,0,0.0,,0.0,0.0,0.0,,False,False,False,False,cluster,0.4493,standard,0.892162,0.569336,-0.322826,0.09814323607427056,1.6625,0.8879797055008773,0.6666666666666666,0.0013192612137203166,0.10554089709762533,0.9451040750513046,0.8575067053407333
2016-11,Cluster+Standard,213,63,51.0,1,0,0.0,,0.0,0.0,0.0,,False,False,False,False,cluster,0.2958,standard,1.37069,0.990325,-0.380365,0.14285714285714285,0.7261,0.8266413456321215,0.5652173913043478,0.010526315789473684,0.5263157894736842,0.8480549199084668,0.7016655688646829
2016-12,Cluster+Standard,75,21,51.0,0,0,0.0,,0.0,0.0,0.0,,False,False,False,False,cluster,0.28,standard,1.768089,1.765355,-0.002734,0.09523809523809523,0.3626,0.6785714285714286,0.25,0.0,0.7910447761194029,0.7714552238805971,0.5207649164775665
2017-01,Cluster+Standard,5600,1682,51.0,1,1,0.0,,0.0,0.0,0.0,,False,False,False,False,cluster,0.3004,standard,1.590185,0.63705,-0.953135,0.10820451843043995,5.8186,0.8272656224277428,0.8666666666666667,0.073,0.2022,0.9167878333333332,0.6636326209331612
2017-02,Cluster+Standard,5600,1674,51.0,2,2,0.0,,0.0,0.0,0.0,,False,False,False,False,cluster,0.2989,standard,0.507354,0.475321,-0.032033,0.1009557945041816,6.4696,0.9380714526635292,0.915,0.017,0.0148,0.9763364999999999,0.9168782277174876
2017-03,Cluster+Standard,5600,1674,53.0,2,0,0.0,,0.0,0.0,0.0,,False,False,False,False,cluster,0.2989,standard,0.861184,0.557167,-0.304017,0.09976105137395459,5.6702,0.8845313208792116,0.7,0.0084,0.1514,0.9310436666666667,0.8468588868790417
2017-04,Cluster+Standard,5600,2519,54.0,1,0,0.0,,0.0,0.0,0.0,,False,False,False,False,cluster,0.4498,standard,0.468762,0.513839,0.045077,0.10520047637951568,5.5292,0.9347309204494243,0.8266666666666667,0.0056,0.0252,0.9673056666666666,0.9055746252064647
2017-05,Cluster+Standard,5600,1671,56.0,2,0,0.0,,0.0,0.0,0.0,,False,False,False,False,cluster,0.2984,standard,0.831282,0.613374,-0.217908,0.10532615200478755,5.1785,0.8951779002799556,0.87,0.032,0.0802,0.9682211666666667,0.8770061979481993
2017-06,Cluster+Standard,5600,1686,56.0,1,1,0.0,,0.0,0.0,0.0,,False,False,False,False,cluster,0.3011,standard,0.587055,0.380997,-0.206058,0.10320284697508897,5.2336,0.9356065790225636,0.8483333333333334,0.0084,0.0742,0.9679525,0.901126416597269
2017-07,Cluster+Standard,5600,1674,57.0,1,0,0.0,,0.0,0.0,0.0,,False,False,False,False,cluster,0.2989,standard,0.346161,0.261991,-0.084171,0.1081242532855436,5.9975,0.9537692984800625,0.885,0.0054,0.0072,0.9799405,0.9475760835684996
2017-08,Cluster+Standard,5600,1681,57.0,1,1,0.0,,0.0,0.0,0.0,,False,False,False,False,cluster,0.3002,standard,0.36799,0.346341,-0.021649,0.11183819155264724,5.5504,0.9567659909983902,0.9383333333333334,0.0114,0.0094,0.98055,0.9186563132411558
2017-09,Cluster+Standard,5600,1678,58.0,1,0,0.0,,0.0,0.0,0.0,,False,False,False,False,cluster,0.2996,standard,0.444503,0.38455,-0.059952,0.11382598331346841,5.8974,0.9366263619931009,0.8583333333333333,0.0094,0.011,0.9795285,0.9094189646418545
2017-10,Cluster+Standard,5600,1673,59.0,1,0,0.0,,0.0,0.0,0.0,,False,False,False,False,cluster,0.2988,standard,0.373239,0.322485,-0.050754,0.10579796772265392,5.8864,0.9502601036405383,0.935,0.014,0.0058,0.9809188333333334,0.946340971178259
2017-11,Cluster+Standard,5600,1674,60.0,1,0,0.0,,0.0,0.0,0.0,,False,False,False,False,cluster,0.2989,standard,0.366983,0.293505,-0.073478,0.11051373954599761,5.805,0.9519485005603148,0.935,0.0132,0.0116,0.9794841666666667,0.9258215241223713
2017-12,Cluster+Standard,5600,1672,61.0,1,0,0.0,,0.0,0.0,0.0,,False,False,False,False,cluster,0.2986,standard,0.441463,0.29943,-0.142033,0.10287081339712918,5.6174,0.9473488253146848,0.88,0.0076,0.0094,0.9733243333333333,0.9138121893018031
2018-01,Cluster+Standard,5600,1677,62.0,1,0,0.0,,0.0,0.0,0.0,,False,False,False,False,cluster,0.2995,standard,0.819293,0.427354,-0.39194,0.11329755515802027,5.6804,0.9139937514495818,0.915,0.0292,0.028,0.9643426666666666,0.8527797815626651
2018-02,Cluster+Standard,5600,1676,63.0,1,0,0.0,,0.0,0.0,0.0,,False,False,False,False,cluster,0.2993,standard,0.549747,0.890185,0.340438,0.10143198090692124,5.5602,0.9355242920864704,0.9283333333333333,0.0202,0.0158,0.9765508333333333,0.8781057613385764
2018-03,Cluster+Standard,5600,1676,64.0,1,0,0.0,,0.0,0.0,0.0,,False,False,False,False,cluster,0.2993,standard,4.67003,0.795487,-3.874542,0.10918854415274463,6.1228,0.6973733862744625,0.9133333333333333,0.1996,0.1922,0.8665744999999999,0.5716710778083474
2018-04,Cluster+Standard,5600,1678,65.0,1,0,0.0,,0.0,0.0,0.0,,False,False,False,False,cluster,0.2996,standard,0.710615,0.442982,-0.267633,0.12038140643623362,6.0445,0.8941410313209316,0.82,0.0242,0.064,0.9690628333333334,0.8528261778485277
2018-05,Cluster+Standard,5600,1676,66.0,1,0,0.0,,0.0,0.0,0.0,,False,False,False,False,cluster,0.2993,standard,0.409728,0.537075,0.127347,0.10560859188544153,5.6364,0.9500935577643528,0.9016666666666666,0.0094,0.009,0.9715941666666668,0.9085093416345196
2018-06,Cluster+Standard,5600,1678,67.0,1,0,0.0,,0.0,0.0,0.0,,False,False,False,False,cluster,0.2996,standard,0.791178,0.499903,-0.291275,0.10727056019070322,6.0479,0.8795778542678774,0.7283333333333334,0.0158,0.0322,0.9679411666666667,0.8343511931340443
2018-07,Cluster+Standard,5600,1673,68.0,1,0,0.0,,0.0,0.0,0.0,,False,False,False,False,cluster,0.2988,standard,0.607554,0.410562,-0.196992,0.10161386730424388,6.8049,0.9210185129401833,0.8166666666666667,0.0104,0.037,0.9645281666666666,0.8812602302426473
2018-08,Cluster+Standard,5600,1670,69.0,1,0,0.0,,0.0,0.0,0.0,,False,False,False,False,cluster,0.2982,standard,0.484352,0.399597,-0.084755,0.10419161676646707,6.1314,0.9354104512041337,0.8816666666666667,0.0134,0.015,0.9613638333333334,0.9083033643163244
2018-09,Cluster+Standard,5600,1672,70.0,1,0,0.0,,0.0,0.0,0.0,,False,False,False,False,cluster,0.2986,standard,0.451145,0.355907,-0.095238,0.10645933014354067,6.3752,0.9257240216111337,0.7916666666666666,0.0044,0.0068,0.9727779999999999,0.914347628175843
2018-10,Cluster+Standard,5558,1661,71.0,1,0,0.0,,0.0,0.0,0.0,,False,False,False,False,cluster,0.2988,standard,0.95942,0.57298,-0.38644,0.10295003010234799,6.3079,0.8274685811846276,0.532258064516129,0.0032,0.4982,0.9061965949820789,0.8021854101939792
2018-11,Cluster+Standard,5437,1628,71.0,1,1,0.0,,0.0,0.0,0.0,,False,False,False,False,cluster,0.2994,standard,0.612841,0.327922,-0.284919,0.09336609336609336,6.4093,0.9025185201283301,0.8695652173913043,0.0216,0.0326,0.9539187643020595,0.7892812708839388
2018-12,Cluster+Standard,907,276,71.0,1,1,0.0,,0.0,0.0,0.0,,False,False,False,False,cluster,0.3043,standard,0.647131,2.046885,1.399754,0.07971014492753623,2.0498,0.8753435953820781,0.6842105263157895,0.007058823529411765,0.36823529411764705,0.8988854489164086,0.7017836045842267
2016-01,UncertaintyOnly,3820,1147,,0,0,0.0,,0.0,0.0,0.0,,False,False,False,False,uncertainty,0.3003,standard,1.386864,0.837232,-0.549632,0.17611159546643418,1.6165,0.7350407851336704,0.37026239067055394,0.009490940465918895,0.15415588150704632,0.9210580818053833,0.713967937985939
2016-02,UncertaintyOnly,4436,1329,,0,0,0.0,,0.0,0.0,0.0,,False,False,False,False,uncertainty,0.2996,standard,1.161776,0.523897,-0.637879,0.1053423626787058,1.888,0.8533945164037574,0.8218029350104822,0.04748673907552412,0.20712301086132862,0.9253864162169576,0.8102841521460948
2016-03,UncertaintyOnly,6454,2903,,0,0,0.0,,0.0,0.0,0.0,,False,False,False,False,uncertainty,0.4498,standard,0.775124,0.42443,-0.350694,0.1026524285222184,2.9989,0.9043994737214147,0.9070866141732283,0.03058944835882454,0.028183536690152947,0.9653910012408441,0.8793450858502891
2016-04,UncertaintyOnly,6981,3143,,0,0,0.0,,0.0,0.0,0.0,,False,False,False,False,uncertainty,0.4502,standard,0.711796,0.282625,-0.429171,0.10404072542157175,3.2328,0.8996795082722888,0.6993464052287581,0.0017271157167530224,0.12356727900769351,0.9647526776450885,0.8673230130805911
2016-05,UncertaintyOnly,4502,2023,,0,0,0.0,,0.0,0.0,0.0,,False,False,False,False,uncertainty,0.4494,standard,0.638054,0.336538,-0.301516,0.11171527434503213,2.1826,0.9181353788997807,0.8296460176991151,0.01308641975308642,0.06617283950617284,0.9513886157543974,0.8836827173760398
2016-06,UncertaintyOnly,3085,1389,,0,0,0.0,,0.0,0.0,0.0,,False,False,False,False,uncertainty,0.4502,standard,0.603597,0.471143,-0.132454,0.10727141828653708,1.5251,0.9205007135575943,0.8381294964028777,0.012112575703598147,0.02386889918061988,0.9713325883646485,0.8840702115210785
2016-07,UncertaintyOnly,3377,1518,,0,0,0.0,,0.0,0.0,0.0,,False,False,False,False,uncertainty,0.4495,standard,0.651096,0.472847,-0.178249,0.10935441370223979,1.7715,0.9244762313706547,0.9147727272727273,0.023140495867768594,0.01884297520661157,0.9765838655146506,0.9019936065831636
2016-08,UncertaintyOnly,5447,2451,,0,0,0.0,,0.0,0.0,0.0,,False,False,False,False,uncertainty,0.45,standard,0.794429,0.510969,-0.28346,0.1211750305997552,2.7978,0.9076593805956708,0.8617021276595744,0.023346303501945526,0.03153798894122466,0.9623767071457932,0.8692657882712085
2016-09,UncertaintyOnly,1526,688,,0,0,0.0,,0.0,0.0,0.0,,False,False,False,False,uncertainty,0.4509,standard,0.808856,0.666246,-0.14261,0.1002906976744186,0.8476,0.8997947960272511,0.722972972972973,0.0050798258345428155,0.1683599419448476,0.9534725218687483,0.8593106528739893
2016-10,UncertaintyOnly,839,377,,0,0,0.0,,0.0,0.0,0.0,,False,False,False,False,uncertainty,0.4493,standard,1.107445,0.443134,-0.664311,0.11405835543766578,0.4498,0.8559739070725567,0.6172839506172839,0.006596306068601583,0.13720316622691292,0.9594612202351868,0.8260570555283466
2016-11,UncertaintyOnly,213,63,,0,0,0.0,,0.0,0.0,0.0,,False,False,False,False,uncertainty,0.2958,standard,1.2534,0.958208,-0.295191,0.07936507936507936,0.1407,0.8329411764705883,0.782608695652174,0.05263157894736842,0.45263157894736844,0.8893592677345538,0.7705016934966302
2016-12,UncertaintyOnly,75,21,,0,0,0.0,,0.0,0.0,0.0,,False,False,False,False,uncertainty,0.28,standard,1.460345,0.808401,-0.651944,0.19047619047619047,0.0458,0.6785714285714286,0.25,0.0,0.7761194029850746,0.8572761194029851,0.6151800588770928
2017-01,UncertaintyOnly,5600,1682,,0,0,0.0,,0.0,0.0,0.0,,False,False,False,False,uncertainty,0.3004,standard,1.687879,0.560821,-1.127058,0.19322235434007135,2.368,0.7874991620469214,0.64,0.0502,0.1638,0.9155736666666667,0.6539424760211928
2017-02,UncertaintyOnly,5600,1674,,0,0,0.0,,0.0,0.0,0.0,,False,False,False,False,uncertainty,0.2989,standard,0.633287,0.451578,-0.181708,0.14157706093189965,2.7146,0.9251270716285396,0.9266666666666666,0.0252,0.0188,0.9704235000000001,0.8906138249062985
2017-03,UncertaintyOnly,5600,1674,,0,0,0.0,,0.0,0.0,0.0,,False,False,False,False,uncertainty,0.2989,standard,0.77695,0.892934,0.115983,0.20430107526881722,2.2809,0.8691382946384931,0.6366666666666667,0.0042,0.196,0.935119,0.8605788920165183
2017-04,UncertaintyOnly,5600,2519,,0,0,0.0,,0.0,0.0,0.0,,False,False,False,False,uncertainty,0.4498,standard,1.073991,0.281907,-0.792084,0.09090909090909091,2.4075,0.8827787555838889,0.9383333333333334,0.0506,0.0322,0.9731065000000001,0.8797241176798688
2017-05,UncertaintyOnly,5600,1671,,0,0,0.0,,0.0,0.0,0.0,,False,False,False,False,uncertainty,0.2984,standard,0.603733,0.405922,-0.197811,0.12627169359664872,2.0741,0.928597353700554,0.8266666666666667,0.0084,0.1832,0.9267271666666667,0.877090494830476
2017-06,UncertaintyOnly,5600,1686,,0,0,0.0,,0.0,0.0,0.0,,False,False,False,False,uncertainty,0.3011,standard,0.967862,0.352557,-0.615305,0.1387900355871886,2.1702,0.8911397776363336,0.7133333333333334,0.0076,0.2092,0.9427398333333332,0.829959986373952
2017-07,UncertaintyOnly,5600,1674,,0,0,0.0,,0.0,0.0,0.0,,False,False,False,False,uncertainty,0.2989,standard,0.419847,0.270072,-0.149776,0.1989247311827957,2.2419,0.9354802338296236,0.8316666666666667,0.006,0.0076,0.9784096666666666,0.9306730522311563
2017-08,UncertaintyOnly,5600,1681,,0,0,0.0,,0.0,0.0,0.0,,False,False,False,False,uncertainty,0.3002,standard,0.333006,0.215104,-0.117902,0.1273051754907793,2.1963,0.9562235517291697,0.9466666666666667,0.0128,0.006,0.9830381666666667,0.9459749606297865
2017-09,UncertaintyOnly,5600,1678,,0,0,0.0,,0.0,0.0,0.0,,False,False,False,False,uncertainty,0.2996,standard,0.347937,0.346238,-0.001699,0.12812872467222886,2.4051,0.9566487141821205,0.9466666666666667,0.0126,0.007,0.9837055000000001,0.9425086797938871
2017-10,UncertaintyOnly,5600,1673,,0,0,0.0,,0.0,0.0,0.0,,False,False,False,False,uncertainty,0.2988,standard,0.384652,0.2352,-0.149452,0.12253436939629408,2.351,0.9533957400571451,0.95,0.0146,0.0068,0.9798286666666667,0.9412857087757792
2017-11,UncertaintyOnly,5600,1674,,0,0,0.0,,0.0,0.0,0.0,,False,False,False,False,uncertainty,0.2989,standard,0.359367,0.195882,-0.163486,0.1971326164874552,2.3906,0.9561816479351906,0.9116666666666666,0.008,0.007,0.9857031666666667,0.9480309492821085
2017-12,UncertaintyOnly,5600,1672,,0,0,0.0,,0.0,0.0,0.0,,False,False,False,False,uncertainty,0.2986,standard,0.432676,0.367961,-0.064714,0.11842105263157894,2.3263,0.9417969414812419,0.9233333333333333,0.0164,0.0076,0.955976,0.9207999203186096
2018-01,UncertaintyOnly,5600,1677,,0,0,0.0,,0.0,0.0,0.0,,False,False,False,False,uncertainty,0.2995,standard,1.073146,0.44664,-0.626506,0.2385211687537269,2.2783,0.8614718614718615,0.7233333333333334,0.0242,0.026,0.9602321666666668,0.760535603828219
2018-02,UncertaintyOnly,5600,1676,,0,0,0.0,,0.0,0.0,0.0,,False,False,False,False,uncertainty,0.2993,standard,0.62558,0.3514,-0.274181,0.13305489260143197,2.302,0.9235209893602923,0.9383333333333334,0.0278,0.0116,0.9720548333333333,0.9098463583998656
2018-03,UncertaintyOnly,5600,1676,,0,0,0.0,,0.0,0.0,0.0,,False,False,False,False,uncertainty,0.2993,standard,4.353775,0.676038,-3.677736,0.16885441527446302,2.5413,0.7124665452668806,0.8433333333333334,0.165,0.1686,0.8657509999999999,0.5377474312923738
2018-04,UncertaintyOnly,5600,1678,,0,0,0.0,,0.0,0.0,0.0,,False,False,False,False,uncertainty,0.2996,standard,0.630156,0.461796,-0.16836,0.18951132300357568,2.4892,0.910149793834682,0.7866666666666666,0.0108,0.1342,0.9647996666666667,0.868287649108928
2018-05,UncertaintyOnly,5600,1676,,0,0,0.0,,0.0,0.0,0.0,,False,False,False,False,uncertainty,0.2993,standard,0.370249,0.262489,-0.10776,0.18436754176610978,2.3782,0.9562615743972007,0.925,0.0098,0.007,0.9779595000000001,0.9198117795329613
2018-06,UncertaintyOnly,5600,1678,,0,0,0.0,,0.0,0.0,0.0,,False,False,False,False,uncertainty,0.2996,standard,0.397629,0.268323,-0.129305,0.1764004767580453,2.5974,0.9479785793355378,0.8933333333333333,0.0092,0.0096,0.9759443333333333,0.931421931776337
2018-07,UncertaintyOnly,5600,1673,,0,0,0.0,,0.0,0.0,0.0,,False,False,False,False,uncertainty,0.2988,standard,0.497868,0.527687,0.029819,0.16377764494919306,3.0277,0.9193187503016,0.8166666666666667,0.0112,0.0182,0.9675035,0.9041193567138007
2018-08,UncertaintyOnly,5600,1670,,0,0,0.0,,0.0,0.0,0.0,,False,False,False,False,uncertainty,0.2982,standard,0.468851,0.322479,-0.146372,0.1251497005988024,2.633,0.9422969541362192,0.9166666666666666,0.0152,0.0092,0.9650248333333332,0.9186912339061697
2018-09,UncertaintyOnly,5600,1672,,0,0,0.0,,0.0,0.0,0.0,,False,False,False,False,uncertainty,0.2986,standard,0.360837,0.478381,0.117544,0.1590909090909091,2.7474,0.9512496794726759,0.8783333333333333,0.0056,0.0062,0.9696328333333333,0.9309603793420416
2018-10,UncertaintyOnly,5558,1661,,0,0,0.0,,0.0,0.0,0.0,,False,False,False,False,uncertainty,0.2988,standard,1.194017,0.706305,-0.487712,0.09030704394942805,2.7919,0.8491364258053173,0.7974910394265233,0.0428,0.3508,0.9074442652329748,0.7822153904299635
2018-11,UncertaintyOnly,5437,1628,,0,0,0.0,,0.0,0.0,0.0,,False,False,False,False,uncertainty,0.2994,standard,0.554557,0.27307,-0.281487,0.20270270270270271,2.7249,0.8489421373229469,0.620137299771167,0.0092,0.0156,0.9541215102974829,0.826761428989083
2018-12,UncertaintyOnly,907,276,,0,0,0.0,,0.0,0.0,0.0,,False,False,False,False,uncertainty,0.3043,standard,0.719362,0.594415,-0.124947,0.11956521739130435,0.6702,0.8697472493482392,0.7017543859649122,0.010588235294117647,0.18352941176470589,0.9332714138286894,0.6828754892177025
2016-01,ScoreShiftOnly,3820,1147,,0,0,0.0,,0.0,0.0,0.0,,False,False,False,False,score_shift,0.3003,standard,1.386864,0.489554,-0.89731,0.24149956408020923,1.5695,0.7350407851336704,0.37026239067055394,0.009490940465918895,0.15415588150704632,0.9210580818053833,0.713967937985939
2016-02,ScoreShiftOnly,4436,1329,,0,0,0.0,,0.0,0.0,0.0,,False,False,False,False,score_shift,0.2996,standard,1.156653,1.014228,-0.142425,0.15199398043641835,1.8904,0.8358143557463376,0.559748427672956,0.004799191715079565,0.3018438999747411,0.9243614978053349,0.8253369807760046
2016-03,ScoreShiftOnly,6454,2903,,0,0,0.0,,0.0,0.0,0.0,,False,False,False,False,score_shift,0.4498,standard,0.995568,0.340791,-0.654777,0.18911470892180504,2.8649,0.8425162782166673,0.5748031496062992,0.004811823337343186,0.2146416910122014,0.9250837265379634,0.8199739510861312
2016-04,ScoreShiftOnly,6981,3143,,0,0,0.0,,0.0,0.0,0.0,,False,False,False,False,score_shift,0.4502,standard,0.653869,0.472247,-0.181622,0.15972001272669425,3.2763,0.9037031042546293,0.738562091503268,0.005495368189668707,0.08086041764798242,0.96794971455898,0.8801600625274018
2016-05,ScoreShiftOnly,4502,2023,,0,0,0.0,,0.0,0.0,0.0,,False,False,False,False,score_shift,0.4494,standard,0.671201,0.454731,-0.21647,0.20464656450815621,2.2201,0.9180707331319766,0.7853982300884956,0.006666666666666667,0.05432098765432099,0.9568625040970173,0.8918685928839936
2016-06,ScoreShiftOnly,3085,1389,,0,0,0.0,,0.0,0.0,0.0,,False,False,False,False,score_shift,0.4502,standard,0.894101,0.28507,-0.609031,0.19654427645788336,1.5466,0.8936720204039429,0.9496402877697842,0.03918774492340577,0.024225151407196294,0.9717144702478132,0.8598042596911656
2016-07,ScoreShiftOnly,3377,1518,,0,0,0.0,,0.0,0.0,0.0,,False,False,False,False,score_shift,0.4495,standard,0.639299,2.336457,1.697157,0.21739130434782608,1.7512,0.9163317710081027,0.8267045454545454,0.013884297520661157,0.017520661157024792,0.9762894440270473,0.9035832416848989
2016-08,ScoreShiftOnly,5447,2451,,0,0,0.0,,0.0,0.0,0.0,,False,False,False,False,score_shift,0.45,standard,2.930815,0.373501,-2.557314,0.22235822113423093,2.8134,0.7479173283708804,0.9024822695035462,0.14130657382756504,0.13454843334015973,0.9290938093225447,0.7192939816395054
2016-09,ScoreShiftOnly,1526,688,,0,0,0.0,,0.0,0.0,0.0,,False,False,False,False,score_shift,0.4509,standard,0.799755,0.514354,-0.285401,0.16715116279069767,0.8512,0.9001184835705899,0.7432432432432432,0.007982583454281567,0.20551523947750364,0.9448647667987291,0.8467508559518057
2016-10,ScoreShiftOnly,839,377,,0,0,0.0,,0.0,0.0,0.0,,False,False,False,False,score_shift,0.4493,standard,0.791156,0.610481,-0.180675,0.16710875331564987,0.5082,0.8993454991402179,0.7407407407407407,0.0079155672823219,0.32981530343007914,0.9424166910974299,0.82897791620986
2016-11,ScoreShiftOnly,213,63,,0,0,0.0,,0.0,0.0,0.0,,False,False,False,False,score_shift,0.2958,standard,1.346514,1.521666,0.175152,0.2222222222222222,0.127,0.8372125338706315,0.5652173913043478,0.005263157894736842,0.3157894736842105,0.9010297482837528,0.6974527436234813
2016-12,ScoreShiftOnly,75,21,,0,0,0.0,,0.0,0.0,0.0,,False,False,False,False,score_shift,0.28,standard,2.250648,2.478679,0.228031,0.14285714285714285,0.0521,0.6566383257030739,0.25,0.014925373134328358,0.835820895522388,0.6819029850746269,0.3867702937774399
2017-01,ScoreShiftOnly,5600,1682,,0,0,0.0,,0.0,0.0,0.0,,False,False,False,False,score_shift,0.3004,standard,1.851559,1.563635,-0.287924,0.17063020214030916,2.3744,0.7550897337677722,0.4033333333333333,0.008,0.549,0.7907395000000002,0.5462110932704826
2017-02,ScoreShiftOnly,5600,1674,,0,0,0.0,,0.0,0.0,0.0,,False,False,False,False,score_shift,0.2989,standard,1.52551,1.380842,-0.144668,0.19952210274790919,2.6786,0.8006542304401498,0.485,0.0054,0.4902,0.8421003333333335,0.6376347517762471
2017-03,ScoreShiftOnly,5600,1674,,0,0,0.0,,0.0,0.0,0.0,,False,False,False,False,score_shift,0.2989,standard,1.699886,1.503289,-0.196597,0.1983273596176822,2.2858,0.7928264589369738,0.48,0.0082,0.601,0.7768736666666667,0.5771202771308243
2017-04,ScoreShiftOnly,5600,2519,,0,0,0.0,,0.0,0.0,0.0,,False,False,False,False,score_shift,0.4498,standard,1.551599,1.296042,-0.255557,0.13854704247717348,2.3619,0.7807441127184076,0.44333333333333336,0.0052,0.4428,0.8580416666666666,0.65055628257032
2017-05,ScoreShiftOnly,5600,1671,,0,0,0.0,,0.0,0.0,0.0,,False,False,False,False,score_shift,0.2984,standard,1.559295,1.069736,-0.489559,0.23997606223818074,2.1226,0.7862510544724316,0.445,0.0028,0.4708,0.8755615000000001,0.7038633358369929
2017-06,ScoreShiftOnly,5600,1686,,0,0,0.0,,0.0,0.0,0.0,,False,False,False,False,score_shift,0.3011,standard,1.456599,1.659576,0.202977,0.1915776986951364,2.1728,0.8180401660034213,0.51,0.0026,0.2418,0.9249316666666666,0.7414639768300393
2017-07,ScoreShiftOnly,5600,1674,,0,0,0.0,,0.0,0.0,0.0,,False,False,False,False,score_shift,0.2989,standard,2.509967,0.4233,-2.086666,0.24790919952210275,2.3452,0.6946674480812738,0.5916666666666667,0.1102,0.3646,0.8493591666666667,0.5168885397340116
2017-08,ScoreShiftOnly,5600,1681,,0,0,0.0,,0.0,0.0,0.0,,False,False,False,False,score_shift,0.3002,standard,0.443837,0.246871,-0.196967,0.34265318262938727,2.2364,0.9379638861194195,0.8666666666666667,0.01,0.0176,0.9769998333333332,0.919319939435324
2017-09,ScoreShiftOnly,5600,1678,,0,0,0.0,,0.0,0.0,0.0,,False,False,False,False,score_shift,0.2996,standard,0.402969,0.273521,-0.129448,0.3462455303933254,2.3119,0.9545288605322202,0.9466666666666667,0.0136,0.0104,0.9768468333333333,0.9287722290309766
2017-10,ScoreShiftOnly,5600,1673,,0,0,0.0,,0.0,0.0,0.0,,False,False,False,False,score_shift,0.2988,standard,0.305053,0.298458,-0.006595,0.3401075911536163,2.4165,0.9638546471434715,0.9016666666666666,0.0032,0.0032,0.9828596666666667,0.9475935861299254
2017-11,ScoreShiftOnly,5600,1674,,0,0,0.0,,0.0,0.0,0.0,,False,False,False,False,score_shift,0.2989,standard,0.398077,0.407799,0.009721,0.33990442054958186,2.4591,0.9480379005190908,0.9133333333333333,0.012,0.0082,0.9792238333333333,0.9378688276871581
2017-12,ScoreShiftOnly,5600,1672,,0,0,0.0,,0.0,0.0,0.0,,False,False,False,False,score_shift,0.2986,standard,0.539507,0.372346,-0.167161,0.3157894736842105,2.3685,0.91904552774118,0.7683333333333333,0.0038,0.0192,0.9703636666666666,0.9116265623243152
2018-01,ScoreShiftOnly,5600,1677,,0,0,0.0,,0.0,0.0,0.0,,False,False,False,False,score_shift,0.2995,standard,0.875218,0.371494,-0.503724,0.32438878950506855,2.3511,0.9089286068581313,0.8616666666666667,0.0234,0.0344,0.9513236666666668,0.8020005659147982
2018-02,ScoreShiftOnly,5600,1676,,0,0,0.0,,0.0,0.0,0.0,,False,False,False,False,score_shift,0.2993,standard,0.646674,0.753158,0.106484,0.3162291169451074,2.3335,0.9242873507120727,0.8083333333333333,0.0076,0.0954,0.9595931666666666,0.8711964109298272
2018-03,ScoreShiftOnly,5600,1676,,0,0,0.0,,0.0,0.0,0.0,,False,False,False,False,score_shift,0.2993,standard,4.704316,0.956687,-3.747629,0.3168257756563246,2.5506,0.7006703953545717,0.8733333333333333,0.1854,0.2846,0.8560341666666667,0.5774159699672814
2018-04,ScoreShiftOnly,5600,1678,,0,0,0.0,,0.0,0.0,0.0,,False,False,False,False,score_shift,0.2996,standard,0.806106,0.551932,-0.254174,0.2973778307508939,2.5077,0.8986743572154536,0.715,0.0044,0.1264,0.9497369999999998,0.8631953751615372
2018-05,ScoreShiftOnly,5600,1676,,0,0,0.0,,0.0,0.0,0.0,,False,False,False,False,score_shift,0.2993,standard,0.515658,0.346586,-0.169073,0.3341288782816229,2.442,0.9265276515196447,0.7966666666666666,0.0048,0.0118,0.9596073333333333,0.9055119644845553
2018-06,ScoreShiftOnly,5600,1678,,0,0,0.0,,0.0,0.0,0.0,,False,False,False,False,score_shift,0.2996,standard,0.534772,0.594014,0.059242,0.3355184743742551,2.3774,0.9200234428638379,0.8033333333333333,0.0088,0.0234,0.9676888333333333,0.9029917519145814
2018-07,ScoreShiftOnly,5600,1673,,0,0,0.0,,0.0,0.0,0.0,,False,False,False,False,score_shift,0.2988,standard,0.931987,0.373266,-0.558721,0.3323371189479976,2.9105,0.8914123440297116,0.915,0.0416,0.0184,0.9602876666666667,0.8850652782788704
2018-08,ScoreShiftOnly,5600,1670,,0,0,0.0,,0.0,0.0,0.0,,False,False,False,False,score_shift,0.2982,standard,0.499505,0.320215,-0.17929,0.3335329341317365,2.687,0.916082993919014,0.77,0.0054,0.018,0.9566808333333333,0.9126953274816754
2018-09,ScoreShiftOnly,5600,1672,,0,0,0.0,,0.0,0.0,0.0,,False,False,False,False,score_shift,0.2986,standard,0.51952,0.279548,-0.239972,0.3373205741626794,2.7743,0.9255273082694975,0.8383333333333334,0.0116,0.0152,0.9755751666666665,0.9180202290387564
2018-10,ScoreShiftOnly,5558,1661,,0,0,0.0,,0.0,0.0,0.0,,False,False,False,False,score_shift,0.2988,standard,1.10231,0.666295,-0.436014,0.26550270921131847,2.7147,0.8409766389432485,0.568100358422939,0.0042,0.446,0.9058336917562724,0.7985228281796918
2018-11,ScoreShiftOnly,5437,1628,,0,0,0.0,,0.0,0.0,0.0,,False,False,False,False,score_shift,0.2994,standard,0.41834,0.339226,-0.079113,0.24324324324324326,2.8417,0.9278037231499824,0.8009153318077803,0.0042,0.1436,0.9523610983981693,0.859887242952446
2018-12,ScoreShiftOnly,907,276,,0,0,0.0,,0.0,0.0,0.0,,False,False,False,False,score_shift,0.3043,standard,0.574088,0.31088,-0.263207,0.17753623188405798,0.6943,0.8794252455017831,0.6842105263157895,0.0058823529411764705,0.11764705882352941,0.9440041279669763,0.7777105574114305
2016-01,Random+DriftLoss,3820,1147,,0,0,0.0135,0.0688,0.0,0.0449,0.0,0.0,False,False,False,True,random,0.3003,drift_reg,1.386864,0.656044,-0.73082,0.08805579773321709,1.641,0.7350407851336704,0.37026239067055394,0.009490940465918895,0.15415588150704632,0.9210580818053833,0.713967937985939
2016-02,Random+DriftLoss,4436,1329,,0,0,0.0463,0.1562,0.0625,0.071,0.0,0.0,False,False,False,True,random,0.2996,drift_reg,1.137865,0.579166,-0.558699,0.11888638073739653,1.9799,0.872635334782851,0.7274633123689728,0.01919676686031826,0.29072998231876734,0.9205949027849928,0.7798725638168901
2016-03,Random+DriftLoss,6454,2903,,0,0,0.015,0.0992,0.0,0.0502,0.0,0.0,False,False,False,True,random,0.4498,drift_reg,0.706346,0.414591,-0.291755,0.09610747502583535,2.9344,0.9030607039389023,0.8251968503937008,0.019075442515896202,0.07234920089362433,0.952503000623805,0.856132979853826
2016-04,Random+DriftLoss,6981,3143,,0,0,0.141,0.3128,0.2365,0.1548,0.0,0.0,False,False,False,True,random,0.4502,drift_reg,0.663436,0.333799,-0.329637,0.08304167992363984,3.1482,0.9057381008023682,0.7598039215686274,0.007536504945831371,0.09169414350761501,0.96803873849744,0.8749196636528856
2016-05,Random+DriftLoss,4502,2023,,0,0,0.029,0.0569,0.0,0.0965,0.0,0.0,False,False,False,True,random,0.4494,drift_reg,0.524335,0.590463,0.066128,0.09738012852199704,2.2025,0.9346742340452299,0.8517699115044248,0.008888888888888889,0.03259259259259259,0.9656003496121491,0.9090260363660357
2016-06,Random+DriftLoss,3085,1389,,0,0,0.2415,0.4657,0.4063,0.2632,0.0,0.0,False,False,False,True,random,0.4502,drift_reg,0.75654,0.584799,-0.171741,0.09215262778977681,1.5266,0.8965176438204008,0.7446043165467626,0.009262557890986818,0.04168151050944068,0.9684678334994989,0.8679597993433964
2016-07,Random+DriftLoss,3377,1518,,0,0,0.3121,0.5204,0.4671,0.4176,0.0,0.0,False,False,False,True,random,0.4495,drift_reg,0.751885,0.400829,-0.351056,0.11725955204216074,1.745,0.9064672483035591,0.7840909090909091,0.011900826446280991,0.0343801652892562,0.9749023290758829,0.8932124066835986
2016-08,Random+DriftLoss,5447,2451,,0,0,0.1792,0.2466,0.1629,0.3802,0.0,0.0,False,False,False,True,random,0.45,drift_reg,0.66421,0.580767,-0.083443,0.1003671970624235,2.7638,0.9160249085658451,0.8102836879432624,0.011468359614990785,0.04587343845996314,0.9655244784699558,0.8936101266485384
2016-09,Random+DriftLoss,1526,688,,0,0,0.1061,0.1347,0.0386,0.3021,0.0,0.0,False,False,False,True,random,0.4509,drift_reg,0.728441,0.725447,-0.002994,0.0872093023255814,0.8313,0.9038856589147286,0.8378378378378378,0.020319303338171262,0.10885341074020319,0.9437198446632409,0.8451559705703805
2016-10,Random+DriftLoss,839,377,,0,0,0.1067,0.2502,0.1669,0.1332,0.0,0.0,False,False,False,True,random,0.4493,drift_reg,1.112501,0.92923,-0.183271,0.09018567639257294,0.4569,0.8622083358368884,0.7654320987654321,0.029023746701846966,0.3348284960422164,0.9395582918010359,0.8028111736188396
2016-11,Random+DriftLoss,213,63,,0,0,0.1642,0.3093,0.2325,0.2374,0.0,0.0,False,False,False,True,random,0.2958,drift_reg,1.518727,1.211718,-0.307009,0.09523809523809523,0.1298,0.7864908628267406,0.43478260869565216,0.0,0.3157894736842105,0.9151029748283752,0.7967727663792958
2016-12,Random+DriftLoss,75,21,,0,0,0.068,0.1364,0.0,0.2268,0.0,0.111442,False,False,False,True,random,0.28,drift_reg,2.210482,1.64941,-0.561072,0.09523809523809523,0.0541,0.6785714285714286,0.25,0.0,0.7164179104477612,0.8031716417910447,0.5618272352647353
2017-01,Random+DriftLoss,5600,1682,,0,0,0.0998,0.256,0.1733,0.1016,0.0,0.0,False,False,False,True,random,0.3004,drift_reg,1.518665,0.535062,-0.983603,0.10166468489892984,2.3414,0.738202426787463,0.44166666666666665,0.0294,0.173,0.9147201666666668,0.6895814443641757
2017-02,Random+DriftLoss,5600,1674,,0,0,0.0239,0.0293,0.0,0.0798,0.0,0.000297,False,False,False,True,random,0.2989,drift_reg,0.54577,0.550394,0.004624,0.11409796893667862,2.6892,0.9283211909125579,0.855,0.0128,0.0222,0.9704409999999999,0.9128697475493524
2017-03,Random+DriftLoss,5600,1674,,0,0,0.1276,0.3871,0.319,0.0,0.0,0.0,False,False,False,True,random,0.2989,drift_reg,0.89759,0.520107,-0.377482,0.1111111111111111,2.2867,0.888680774947195,0.8466666666666667,0.0316,0.1028,0.9408703333333335,0.8292587033307934
2017-04,Random+DriftLoss,5600,2519,,0,0,0.069,0.2552,0.1725,0.0,0.0,0.0,False,False,False,True,random,0.4498,drift_reg,0.627294,0.318562,-0.308732,0.11274315204446209,2.3279,0.9200704141589553,0.9083333333333333,0.025,0.0222,0.976797,0.8877178392573348
2017-05,Random+DriftLoss,5600,1671,,0,0,0.0601,0.2351,0.1501,0.0,0.0,0.0,False,False,False,True,random,0.2984,drift_reg,0.676008,0.476721,-0.199287,0.10771992818671454,2.1403,0.9157581205034957,0.825,0.0142,0.16876,0.9481856666666667,0.8707858718831034
2017-06,Random+DriftLoss,5600,1686,,0,0,0.0,0.1001,0.0001,0.0,0.0,0.0,False,False,False,True,random,0.3011,drift_reg,0.967329,0.40537,-0.561959,0.10438908659549229,2.2029,0.8848277567360125,0.6916666666666667,0.0068,0.4918,0.886876,0.7677984235360247
2017-07,Random+DriftLoss,5600,1674,,0,0,0.0426,0.1959,0.1065,0.0,0.0,0.0,False,False,False,True,random,0.2989,drift_reg,0.43023,0.301867,-0.128364,0.1015531660692951,2.2454,0.9425364950219168,0.93,0.017,0.0106,0.9785866666666667,0.9198320556300242
2017-08,Random+DriftLoss,5600,1681,,0,0,0.0441,0.1993,0.1103,0.0,0.0,0.0,False,False,False,True,random,0.3002,drift_reg,0.381529,0.36314,-0.018389,0.0975609756097561,2.2125,0.9496737949919435,0.9116666666666666,0.011,0.0106,0.9821694999999999,0.9300191718328495
2017-09,Random+DriftLoss,5600,1678,,0,0,0.0172,0.1386,0.0429,0.0,0.0,0.0,False,False,False,True,random,0.2996,drift_reg,0.368769,0.435997,0.067227,0.10488676996424315,2.4403,0.9472264444621009,0.8683333333333333,0.006,0.0086,0.9847328333333334,0.9311065796201764
2017-10,Random+DriftLoss,5600,1673,,0,0,0.1238,0.3785,0.3094,0.0,0.0,0.0,False,False,False,True,random,0.2988,drift_reg,0.450329,0.309604,-0.140724,0.10579796772265392,2.4313,0.9432013242854665,0.9266666666666666,0.0162,0.008,0.9732781666666667,0.9323699167405342
2017-11,Random+DriftLoss,5600,1674,,0,0,0.0499,0.2122,0.1246,0.0,0.0,0.0,False,False,False,True,random,0.2989,drift_reg,0.444346,0.341519,-0.102827,0.11230585424133811,2.4246,0.942562013910063,0.88,0.0098,0.0148,0.9786768333333333,0.9248276507720256
2017-12,Random+DriftLoss,5600,1672,,0,0,0.019,0.1427,0.0474,0.0,0.0,0.0,False,False,False,True,random,0.2986,drift_reg,0.475782,0.334274,-0.141508,0.10825358851674641,2.3497,0.9352765370829887,0.8283333333333334,0.0056,0.014,0.973133,0.931086290755256
2018-01,Random+DriftLoss,5600,1677,,0,0,0.0,0.0697,0.0,0.0,0.0,0.0,False,False,False,True,random,0.2995,drift_reg,0.96763,0.473036,-0.494594,0.10554561717352415,2.3208,0.8977093883275844,0.8383333333333334,0.0254,0.038,0.9563695000000001,0.7919038913192258
2018-02,Random+DriftLoss,5600,1676,,0,0,0.1034,0.3326,0.2584,0.0,0.0,0.0,False,False,False,True,random,0.2993,drift_reg,0.655539,0.537417,-0.118122,0.12112171837708831,2.2924,0.9227005590565575,0.9066666666666666,0.0234,0.02,0.9683255,0.886775717941185
2018-03,Random+DriftLoss,5600,1676,,0,0,0.0253,0.157,0.0634,0.0,0.0,0.0,False,False,False,True,random,0.2993,drift_reg,4.519005,4.677811,0.158806,0.10143198090692124,2.5172,0.6853186876716288,0.7316666666666667,0.1622,0.2032,0.8375640000000001,0.39283363971370017
2018-04,Random+DriftLoss,5600,1678,,0,0,0.2182,0.591,0.5455,0.0,0.0,0.0,False,False,False,True,random,0.2996,drift_reg,3.07137,0.967279,-2.10409,0.10548271752085817,2.4394,0.7000991549182349,0.955,0.2074,0.092,0.938683,0.7383784804526238
2018-05,Random+DriftLoss,5600,1676,,0,0,0.047,0.2058,0.1176,0.0,0.0,0.0,False,False,False,True,random,0.2993,drift_reg,0.893075,0.439925,-0.45315,0.10560859188544153,2.2807,0.8462124981422728,0.58,0.004,0.0292,0.9529428333333333,0.8776921361771295
2018-06,Random+DriftLoss,5600,1678,,0,0,0.0521,0.2172,0.1302,0.0,0.0,0.0,False,False,False,True,random,0.2996,drift_reg,0.547517,0.367778,-0.179738,0.10905840286054827,2.4277,0.9346051555232053,0.875,0.0128,0.022,0.9652620000000001,0.8988409337672982
2018-07,Random+DriftLoss,5600,1673,,0,0,0.065,0.2463,0.1626,0.0,0.0,0.0,False,False,False,True,random,0.2988,drift_reg,0.565047,0.495179,-0.069868,0.10639569635385535,2.971,0.9317150017901897,0.8966666666666666,0.0174,0.0186,0.9708659999999999,0.9111924450462389
2018-08,Random+DriftLoss,5600,1670,,0,0,0.1361,0.4063,0.3404,0.0,0.0,0.0,False,False,False,True,random,0.2982,drift_reg,0.650333,0.47111,-0.179223,0.10479041916167664,2.6278,0.9093334269158844,0.8216666666666667,0.0168,0.0326,0.9537436666666668,0.8530187672421468
2018-09,Random+DriftLoss,5600,1672,,0,0,0.1926,0.5333,0.4814,0.0,0.0,0.0,False,False,False,True,random,0.2986,drift_reg,0.514577,0.364829,-0.149748,0.09748803827751196,2.8059,0.9315420871945113,0.9216666666666666,0.0212,0.007,0.9693028333333333,0.9264568013780892
2018-10,Random+DriftLoss,5558,1661,,0,0,0.0,0.0873,0.0,0.0,0.0,0.0,False,False,False,True,random,0.2988,drift_reg,0.960402,0.744249,-0.216153,0.09873570138470801,2.7277,0.8454675669881686,0.5860215053763441,0.0056,0.4714,0.8950931899641578,0.7977753825927025
2018-11,Random+DriftLoss,5437,1628,,0,0,0.0761,0.2712,0.1902,0.0,0.0,0.0,False,False,False,True,random,0.2994,drift_reg,0.509238,0.363336,-0.145901,0.08722358722358722,2.8579,0.8530742476408713,0.6430205949656751,0.011,0.0364,0.9607739130434783,0.8091746272040903
2018-12,Random+DriftLoss,907,276,,0,0,0.0,0.099,0.0,0.0,0.0,0.0,False,False,False,True,random,0.3043,drift_reg,0.548606,0.288108,-0.260498,0.06521739130434782,0.7215,0.8794252455017831,0.6842105263157895,0.0058823529411764705,0.10352941176470588,0.933828689370485,0.7746005104120685
2016-01,Cluster+DriftScore,3820,1147,25.0,5,0,0.0135,0.0688,0.0,0.0449,0.0,0.0,False,False,False,True,cluster,0.3003,standard,1.386864,0.565791,-0.821072,0.11682650392327812,3.9196,0.7350407851336704,0.37026239067055394,0.009490940465918895,0.15415588150704632,0.9210580818053833,0.713967937985939
2016-02,Cluster+DriftScore,4436,1329,30.0,5,0,0.3147,0.0633,0.0,0.0491,1.0,0.0,False,False,False,True,cluster,0.2996,standard,0.856286,0.928007,0.071721,0.0963130173062453,4.4261,0.9032168812509493,0.7819706498951782,0.01338721899469563,0.1528163677696388,0.9351277745740804,0.8395044346357254
2016-03,Cluster+DriftScore,6454,2903,35.0,5,0,0.4998,0.4023,0.3359,0.218,1.0,0.0,True,False,False,True,cluster,0.4498,standard,0.890931,0.396915,-0.494016,0.0940406476059249,6.5163,0.885297619001258,0.752755905511811,0.01615397834679498,0.08283210173569341,0.9607633424581163,0.8366510331243944
2016-04,Cluster+DriftScore,6981,3143,40.0,5,0,0.4787,0.3123,0.2359,0.281,1.0,0.0,True,False,True,True,cluster,0.4502,standard,0.648136,0.298597,-0.349539,0.08590518612790328,7.2002,0.9076090576090576,0.7401960784313726,0.004239284032030146,0.11430365834510912,0.9624637105588034,0.8691272384009534
2016-05,Cluster+DriftScore,4502,2023,43.0,3,0,0.3595,0.0646,0.0,0.1983,1.0,0.0,True,False,True,True,cluster,0.4494,standard,0.519928,0.467515,-0.052414,0.10528917449332674,5.1956,0.9335416410382581,0.8517699115044248,0.009382716049382716,0.02987654320987654,0.9641278815688845,0.9097437220702459
2016-06,Cluster+DriftScore,3085,1389,44.0,2,1,0.3547,0.1789,0.0876,0.0654,1.0,0.0,True,False,True,True,cluster,0.4502,standard,0.70294,0.486527,-0.216413,0.08423326133909287,3.9086,0.8998287408535433,0.8884892086330936,0.027787673672960457,0.03740648379052369,0.9747278771211744,0.8847117691316632
2016-07,Cluster+DriftScore,3377,1518,46.0,2,0,0.3498,0.327,0.2522,0.1631,0.6667,0.0,False,False,True,True,cluster,0.4495,standard,0.642509,0.559598,-0.082912,0.1080368906455863,4.2745,0.9211924247058058,0.8153409090909091,0.009917355371900827,0.02347107438016529,0.9741899887302781,0.9024015379007067
2016-08,Cluster+DriftScore,5447,2451,48.0,2,0,0.4031,0.3723,0.3025,0.2737,0.6667,0.0,True,False,False,True,cluster,0.45,standard,0.7528,0.580165,-0.172635,0.1036311709506324,6.3059,0.9079218741118407,0.7570921985815603,0.006962932623387262,0.11140692197419619,0.9415503636149734,0.8731217449537582
2016-09,Cluster+DriftScore,1526,688,49.0,1,0,0.3153,0.1805,0.0895,0.265,0.6667,0.0,False,False,True,True,cluster,0.4509,standard,0.814905,1.577421,0.762515,0.1002906976744186,2.3286,0.8960416869816343,0.7364864864864865,0.008708272859216255,0.318577648766328,0.920951339583415,0.810225414423309
2016-10,Cluster+DriftScore,839,377,50.0,1,0,0.2271,0.3692,0.2991,0.0249,0.3333,0.0,False,False,False,True,cluster,0.4493,standard,1.682948,0.523669,-1.159279,0.10079575596816977,1.5696,0.8059774412825181,0.8518518518518519,0.07783641160949868,0.17605540897097627,0.9427424346069904,0.7932723666566301
2016-11,Cluster+DriftScore,213,63,51.0,1,0,0.1356,0.1331,0.0368,0.0696,0.3333,0.000977,False,False,False,True,cluster,0.2958,standard,1.042399,0.592596,-0.449803,0.12698412698412698,0.7276,0.8835994899508166,0.7391304347826086,0.015789473684210527,0.5789473684210527,0.8699084668192221,0.763993350293956
2016-12,Cluster+DriftScore,75,21,51.0,0,0,0.1767,0.2726,0.1917,0.0,0.3333,2.1e-05,False,False,False,True,cluster,0.28,standard,2.383752,1.085259,-1.298493,0.14285714285714285,0.355,0.7014595311808933,0.5,0.07462686567164178,0.9552238805970149,0.8199626865671642,0.5856022415286086
2017-01,Cluster+DriftScore,5600,1682,51.0,1,1,0.1104,0.3485,0.2761,0.0,0.0,0.0,False,False,False,True,cluster,0.3004,standard,1.449979,0.49016,-0.959819,0.11414982164090369,5.5567,0.8234669940378475,0.7866666666666666,0.0592,0.1112,0.934161,0.6897452661254763
2017-02,Cluster+DriftScore,5600,1674,51.0,2,2,0.1,0.0478,0.0,0.0,0.3333,0.0,False,False,False,True,cluster,0.2989,standard,0.404778,0.395381,-0.009396,0.0967741935483871,6.201,0.9494167071435267,0.8866666666666667,0.0076,0.0126,0.9742536666666668,0.932780052769342
2017-03,Cluster+DriftScore,5600,1674,53.0,2,0,0.2056,0.1125,0.0139,0.0,0.6667,0.0,False,False,False,True,cluster,0.2989,standard,0.823803,0.497441,-0.326362,0.10991636798088411,5.6368,0.9060743680013068,0.86,0.0246,0.0872,0.9455426666666666,0.8585521384014234
2017-04,Cluster+DriftScore,5600,2519,54.0,1,0,0.2,0.0937,0.0,0.0,0.6667,0.0,False,False,False,True,cluster,0.4498,standard,0.454552,0.325247,-0.129305,0.10321556173084558,5.5686,0.9422069136453866,0.8566666666666667,0.0066,0.0346,0.9507503333333334,0.9126077319480242
2017-05,Cluster+DriftScore,5600,1671,56.0,2,0,0.1198,0.1296,0.0329,0.022,0.3333,0.0,False,False,False,True,cluster,0.2984,standard,0.589487,0.384635,-0.204852,0.10293237582286056,5.2115,0.9280182620860395,0.8116666666666666,0.0064,0.1708,0.9544086666666667,0.8904389555994469
2017-06,Cluster+DriftScore,5600,1686,56.0,1,1,0.2273,0.1243,0.027,0.055,0.6667,0.0,False,False,False,True,cluster,0.3011,standard,0.711523,0.487847,-0.223676,0.10972716488730723,5.0694,0.9109948083958641,0.7566666666666667,0.0056,0.087,0.9669125,0.894374007112424
2017-07,Cluster+DriftScore,5600,1674,57.0,1,0,0.1287,0.1154,0.0171,0.0729,0.3333,0.0,False,False,False,True,cluster,0.2989,standard,0.441868,0.344624,-0.097244,0.10752688172043011,5.3491,0.9257240216111337,0.7916666666666666,0.0044,0.008,0.9803985,0.9385729690974183
2017-08,Cluster+DriftScore,5600,1681,57.0,1,1,0.2491,0.4354,0.3727,0.0,0.3333,0.0,False,False,False,True,cluster,0.3002,standard,0.432764,0.335045,-0.097719,0.10826888756692445,5.4271,0.9332032688923149,0.9516666666666667,0.0248,0.0074,0.9848796666666667,0.9418856989937293
2017-09,Cluster+DriftScore,5600,1678,58.0,1,0,0.214,0.3565,0.285,0.0,0.3333,0.0,False,False,False,True,cluster,0.2996,standard,0.496228,0.321619,-0.174609,0.10727056019070322,5.9037,0.935704192714069,0.9166666666666666,0.0184,0.014,0.9805651666666666,0.9132886839174668
2017-10,Cluster+DriftScore,5600,1673,59.0,1,0,0.1206,0.1462,0.0514,0.0,0.3333,0.0,False,False,False,True,cluster,0.2988,standard,0.408411,0.360259,-0.048151,0.09623430962343096,5.7815,0.953698101095987,0.915,0.0096,0.0078,0.9737658333333333,0.9248059347544905
2017-11,Cluster+DriftScore,5600,1674,60.0,1,0,0.1158,0.1356,0.0396,0.0,0.3333,0.0,False,False,False,True,cluster,0.2989,standard,0.54114,0.241884,-0.299256,0.1039426523297491,5.6824,0.9220512899930762,0.7666666666666667,0.0022,0.0224,0.9737334999999999,0.9321495909378252
2017-12,Cluster+DriftScore,5600,1672,61.0,1,0,0.1531,0.2195,0.1328,0.0,0.3333,0.0,False,False,False,True,cluster,0.2986,standard,0.367618,0.291144,-0.076474,0.09928229665071771,5.3898,0.948848066578707,0.8933333333333333,0.0088,0.012,0.9629369999999999,0.9298776153659357
2018-01,Cluster+DriftScore,5600,1677,62.0,1,0,0.1094,0.1212,0.0236,0.0,0.3333,0.0,False,False,False,True,cluster,0.2995,standard,0.769026,0.327336,-0.441689,0.10554561717352415,5.5406,0.9065854871766204,0.8566666666666667,0.0238,0.0252,0.9697555,0.8352546061051128
2018-02,Cluster+DriftScore,5600,1676,63.0,1,0,0.1,0.071,0.0,0.0,0.3333,0.0,False,False,False,True,cluster,0.2993,standard,0.548704,1.085376,0.536672,0.10202863961813842,5.6111,0.927546792493086,0.895,0.0192,0.0192,0.9689136666666668,0.8822862718921156
2018-03,Cluster+DriftScore,5600,1676,64.0,1,0,0.1175,0.119,0.0211,0.0301,0.3333,0.0,False,False,False,True,cluster,0.2993,standard,0.966855,0.773419,-0.193436,0.09844868735083533,6.2777,0.8647579865092376,0.63,0.005,0.2016,0.935282,0.8123420818742463
2018-04,Cluster+DriftScore,5600,1678,65.0,1,0,0.195,0.3138,0.2375,0.0,0.3333,0.0,False,False,False,True,cluster,0.2996,standard,0.701979,0.480114,-0.221865,0.10190703218116806,5.8877,0.8930515388558967,0.7633333333333333,0.0152,0.1678,0.9500974999999999,0.8468278677464199
2018-05,Cluster+DriftScore,5600,1676,66.0,1,0,0.2167,0.3626,0.2917,0.0,0.3333,0.0,False,False,False,True,cluster,0.2993,standard,0.434741,0.411362,-0.023379,0.110381861575179,5.4038,0.9122474316820607,0.9116666666666666,0.0296,0.0104,0.9670616666666666,0.9146104385541272
2018-06,Cluster+DriftScore,5600,1678,67.0,1,0,0.2763,0.4967,0.4408,0.0,0.3333,0.0,False,False,False,True,cluster,0.2996,standard,0.637912,0.327846,-0.310066,0.11501787842669844,5.6743,0.9125181985732748,0.9316666666666666,0.0326,0.0218,0.9741595000000001,0.8959945615673005
2018-07,Cluster+DriftScore,5600,1673,68.0,1,0,0.1922,0.3074,0.2304,0.0,0.3333,0.0,False,False,False,True,cluster,0.2988,standard,0.611371,0.464107,-0.147263,0.10340705319784818,6.8001,0.914212117312672,0.88,0.0236,0.0246,0.9654041666666666,0.8812975602086548
2018-08,Cluster+DriftScore,5600,1670,69.0,1,0,0.1535,0.2203,0.1337,0.0,0.3333,0.0,False,False,False,True,cluster,0.2982,standard,0.416552,0.333373,-0.083179,0.10838323353293414,6.4743,0.9452227786892323,0.89,0.01,0.0116,0.9669228333333335,0.9190780374689891
2018-09,Cluster+DriftScore,5600,1672,70.0,1,0,0.1643,0.2446,0.1607,0.0,0.3333,0.0,False,False,False,True,cluster,0.2986,standard,0.441883,0.380879,-0.061004,0.10645933014354067,6.3262,0.9336072118751559,0.8866666666666667,0.015,0.017,0.976575,0.914725627716157
2018-10,Cluster+DriftScore,5558,1661,71.0,1,0,0.1159,0.1357,0.0397,0.0,0.3333,0.0,False,False,False,True,cluster,0.2988,standard,0.862351,0.66016,-0.202191,0.10355207706201083,6.2389,0.8720298793878045,0.6541218637992832,0.006,0.4178,0.9138980286738352,0.8065830666198888
2018-11,Cluster+DriftScore,5437,1628,71.0,1,1,0.2396,0.4142,0.3491,0.0,0.3333,0.0,False,False,False,True,cluster,0.2994,standard,0.543737,0.417352,-0.126385,0.08046683046683047,6.3898,0.9025245139422196,0.8283752860411899,0.0166,0.0296,0.963775057208238,0.8242171943999484
2018-12,Cluster+DriftScore,907,276,71.0,1,1,0.1267,0.16,0.0667,0.0,0.3333,0.0,False,False,False,True,cluster,0.3043,standard,0.781498,0.706628,-0.07487,0.07246376811594203,2.0284,0.827825234989743,0.5614035087719298,0.007058823529411765,0.13529411764705881,0.9293498452012383,0.6921713032494519
2016-01,Proposed,3820,1147,25.0,5,0,0.0135,0.0688,0.0,0.0449,0.0,0.0,False,False,False,True,cluster,0.3,drift_reg,1.386864,0.683134,-0.70373,0.11682650392327812,3.9995,0.7350407851336704,0.37026239067055394,0.009490940465918895,0.15415588150704632,0.9210580818053833,0.713967937985939
2016-02,Proposed,4436,1329,30.0,5,0,0.3784,0.2109,0.1232,0.0969,1.0,0.0,True,False,False,True,cluster,0.3,drift_reg,0.999441,1.148893,0.149452,0.10458991723100075,4.7593,0.8873815611691666,0.790356394129979,0.022733013387218996,0.3018438999747411,0.9262895411722779,0.8088485541870835
2016-03,Proposed,6454,2903,35.0,5,0,0.5863,0.4852,0.428,0.3836,1.0,0.0,True,True,True,True,cluster,0.45,drift_reg,1.232779,0.36743,-0.865349,0.09679641749913882,6.7097,0.865814773069713,0.8535433070866142,0.04244715586870596,0.08609726757174772,0.9531806612332936,0.8085120961511332
2016-04,Proposed,6981,3143,40.0,5,0,0.6586,0.5319,0.4799,0.5556,1.0,0.0,True,True,True,True,cluster,0.45,drift_reg,0.706047,0.305611,-0.400436,0.09067769646834235,7.3772,0.8997014725521103,0.7075163398692811,0.002826189354686764,0.13769822578112734,0.9487637730551477,0.8531897624732028
2016-05,Proposed,4502,2023,43.0,3,0,0.57,0.3549,0.2833,0.5222,1.0,0.0,True,True,True,True,cluster,0.45,drift_reg,0.611089,0.408447,-0.202643,0.09293129016312407,5.4143,0.9231905900968843,0.8075221238938053,0.007654320987654321,0.046419753086419754,0.961533377034852,0.8930818881272469
2016-06,Proposed,3085,1389,44.0,2,1,0.6784,0.5379,0.4865,0.6127,1.0,0.0,True,True,True,True,cluster,0.45,drift_reg,0.719614,0.59116,-0.128453,0.08351331893448524,3.9712,0.9044995124367329,0.8201438848920863,0.016387602422515142,0.032418952618453865,0.9745113065230039,0.8711791003494521
2016-07,Proposed,3377,1518,46.0,2,0,0.4951,0.3795,0.3105,0.5695,0.6667,0.0,True,False,True,True,cluster,0.45,drift_reg,0.874518,0.481801,-0.392717,0.10342555994729907,4.3325,0.8967278287461773,0.7556818181818182,0.011900826446280991,0.04396694214876033,0.9586232156273478,0.8717612994182479
2016-08,Proposed,5447,2451,48.0,2,0,0.5462,0.4736,0.4151,0.6005,0.6667,0.0,True,True,True,True,cluster,0.45,drift_reg,0.860522,0.545575,-0.314946,0.0999592003263974,6.5223,0.89679851590384,0.7624113475177305,0.012901904566864632,0.04648781486790907,0.9608287836073336,0.8716867158923942
2016-09,Proposed,1526,688,49.0,1,0,0.4567,0.2993,0.2215,0.5603,0.6667,0.0,True,False,True,True,cluster,0.45,drift_reg,0.790466,0.793972,0.003507,0.10319767441860465,2.3928,0.9066939864051777,0.777027027027027,0.010159651669085631,0.26705370101596515,0.9273280900639391,0.8290186499417683
2016-10,Proposed,839,377,50.0,1,0,0.3444,0.3156,0.2395,0.4953,0.3333,0.0,False,False,True,True,cluster,0.45,drift_reg,1.056082,0.652747,-0.403335,0.08753315649867374,1.5857,0.8812208527648234,0.7654320987654321,0.01978891820580475,0.11543535620052772,0.965259454705365,0.8165457844059981
2016-11,Proposed,213,63,51.0,1,0,0.3301,0.3008,0.2231,0.4696,0.3333,0.0,False,False,False,True,cluster,0.3,drift_reg,1.023831,1.308879,0.285048,0.09523809523809523,0.7336,0.8729874776386404,0.6521739130434783,0.005263157894736842,0.6578947368421053,0.8945080091533181,0.8372173193895678
2016-12,Proposed,75,21,51.0,0,0,0.2673,0.2871,0.2079,0.2803,0.3333,6e-06,False,False,False,True,cluster,0.3,drift_reg,1.68719,2.798564,1.111375,0.19047619047619047,0.362,0.6785714285714286,0.25,0.0,0.5522388059701493,0.853544776119403,0.5132431457431458
2017-01,Proposed,5600,1682,51.0,1,1,0.1496,0.4109,0.3454,0.0382,0.0,0.0,False,False,False,True,cluster,0.3,drift_reg,2.158187,0.593748,-1.564439,0.10463733650416171,5.6601,0.774622851874057,0.7883333333333333,0.0948,0.1154,0.9226906666666668,0.648843489515203
2017-02,Proposed,5600,1674,51.0,2,2,0.1442,0.1479,0.0532,0.0765,0.3333,0.0,False,False,False,True,cluster,0.3,drift_reg,0.693575,0.351531,-0.342043,0.1027479091995221,6.4593,0.9065930188546096,0.8083333333333333,0.016,0.0316,0.9704923333333333,0.8949747148842899
2017-03,Proposed,5600,1674,53.0,2,0,0.4092,0.404,0.3378,0.2471,0.6667,0.0,True,False,False,True,cluster,0.3,drift_reg,0.617311,0.723225,0.105915,0.10454002389486261,5.6386,0.928622178618628,0.7883333333333333,0.0026,0.2646,0.9303301666666667,0.8756719170507687
2017-04,Proposed,5600,2519,54.0,1,0,0.3346,0.2378,0.1531,0.2445,0.6667,0.0,False,False,True,True,cluster,0.45,drift_reg,0.627436,0.286517,-0.340919,0.10877332274712187,5.6607,0.9153729907954389,0.82,0.0136,0.0174,0.9774065,0.884433255057647
2017-05,Proposed,5600,1671,56.0,2,0,0.2897,0.3322,0.258,0.2884,0.3333,0.0,False,False,False,True,cluster,0.3,drift_reg,0.550987,0.485642,-0.065345,0.10831837223219629,5.3547,0.9372007557269599,0.8233333333333334,0.004,0.4062,0.9145233333333334,0.8784796281124208
2017-06,Proposed,5600,1686,56.0,1,1,0.2784,0.1156,0.0174,0.2382,0.6667,0.0,False,False,False,True,cluster,0.3,drift_reg,0.984026,0.401367,-0.58266,0.10438908659549229,5.3914,0.885995594320937,0.7016666666666667,0.008,0.2354,0.9434113333333333,0.8442955335781226
2017-07,Proposed,5600,1674,57.0,1,0,0.1923,0.2258,0.1398,0.1212,0.3333,0.0,False,False,False,True,cluster,0.3,drift_reg,0.506743,0.256578,-0.250164,0.10454002389486261,5.6308,0.928597353700554,0.8266666666666667,0.0084,0.0286,0.9722508333333333,0.9186921655432834
2017-08,Proposed,5600,1681,57.0,1,1,0.1667,0.2311,0.1457,0.0279,0.3333,0.0,False,False,False,True,cluster,0.3,drift_reg,0.340326,0.334155,-0.006171,0.10707911957168352,5.5161,0.9598144025572652,0.9516666666666667,0.0118,0.0076,0.9855448333333334,0.9469046144315052
2017-09,Proposed,5600,1678,58.0,1,0,0.1643,0.2448,0.1608,0.0,0.3333,0.0,False,False,False,True,cluster,0.3,drift_reg,0.477743,0.404374,-0.073368,0.10250297973778308,5.8859,0.9387030164515042,0.88,0.0116,0.0138,0.9742359999999999,0.912513841756872
2017-10,Proposed,5600,1673,59.0,1,0,0.1053,0.1118,0.0131,0.0,0.3333,0.0,False,False,False,True,cluster,0.3,drift_reg,0.452277,0.387358,-0.064919,0.10639569635385535,5.7622,0.9408868699978369,0.8566666666666667,0.0072,0.0138,0.9782128333333333,0.9324166869750588
2017-11,Proposed,5600,1674,60.0,1,0,0.107,0.0981,0.0,0.0233,0.3333,0.0,False,False,False,True,cluster,0.3,drift_reg,0.60015,0.288432,-0.311718,0.10692951015531661,6.0448,0.9307693138117656,0.8333333333333334,0.0084,0.0684,0.9716926666666668,0.88472965684313
2017-12,Proposed,5600,1672,61.0,1,0,0.111,0.0637,0.0,0.0368,0.3333,0.0,False,False,False,True,cluster,0.3,drift_reg,0.533332,0.301175,-0.232157,0.10944976076555024,5.6532,0.9385801558298987,0.87,0.0102,0.0224,0.9613355,0.9097852958562695
2018-01,Proposed,5600,1677,62.0,1,0,0.1378,0.185,0.0945,0.0,0.3333,0.0,False,False,False,True,cluster,0.3,drift_reg,0.873951,0.689339,-0.184611,0.10793082886106142,5.7701,0.9093624823094602,0.9133333333333333,0.0314,0.0288,0.9561111666666666,0.8149984487702255
2018-02,Proposed,5600,1676,63.0,1,0,0.1,0.0974,0.0,0.0,0.3333,0.0,False,False,False,True,cluster,0.3,drift_reg,0.663339,0.462935,-0.200403,0.11276849642004773,5.7141,0.9243086541700255,0.945,0.0284,0.0208,0.9755760000000001,0.8789865676469513
2018-03,Proposed,5600,1676,64.0,1,0,0.1952,0.3141,0.2379,0.0,0.3333,0.0,False,False,False,True,cluster,0.3,drift_reg,4.39435,0.939732,-3.454617,0.110381861575179,6.2414,0.705440301431717,0.8266666666666667,0.1678,0.1756,0.856363,0.4914330205222277
2018-04,Proposed,5600,1678,65.0,1,0,0.1806,0.2813,0.2014,0.0,0.3333,0.0,False,False,False,True,cluster,0.3,drift_reg,0.982114,0.545226,-0.436888,0.10786650774731824,6.0184,0.880898529336587,0.86,0.0382,0.1024,0.9463006666666667,0.8532497565559026
2018-05,Proposed,5600,1676,66.0,1,0,0.1596,0.234,0.1489,0.0,0.3333,0.0,False,False,False,True,cluster,0.3,drift_reg,0.410339,0.43403,0.023691,0.10381861575178998,5.7778,0.9473882679457593,0.8716666666666667,0.0064,0.0082,0.9736549999999999,0.9301210672435095
2018-06,Proposed,5600,1678,67.0,1,0,0.1886,0.2993,0.2214,0.0,0.3333,0.0,False,False,False,True,cluster,0.3,drift_reg,0.587732,0.369355,-0.218377,0.10905840286054827,6.0046,0.9321035979966655,0.9033333333333333,0.0182,0.0176,0.9742146666666667,0.9134457439169579
2018-07,Proposed,5600,1673,68.0,1,0,0.1802,0.2805,0.2005,0.0,0.3333,0.0,False,False,False,True,cluster,0.3,drift_reg,0.634462,0.832025,0.197563,0.10759115361625822,6.9373,0.9231344604362087,0.895,0.0214,0.0218,0.9640761666666667,0.8875413903193298
2018-08,Proposed,5600,1670,69.0,1,0,0.116,0.1359,0.0399,0.0,0.3333,0.0,False,False,False,True,cluster,0.3,drift_reg,0.752536,0.475681,-0.276855,0.10359281437125749,6.3139,0.8946037955180781,0.7216666666666667,0.0074,0.0264,0.9704913333333334,0.8981639997612197
2018-09,Proposed,5600,1672,70.0,1,0,0.1189,0.1425,0.0472,0.0,0.3333,0.0,False,False,False,True,cluster,0.3,drift_reg,0.552774,0.441594,-0.11118,0.10167464114832536,6.6386,0.9234379231946903,0.7966666666666666,0.0062,0.012,0.9725793333333334,0.9199976144135541
2018-10,Proposed,5558,1661,71.0,1,0,0.2056,0.3375,0.2639,0.0,0.3333,0.0,False,False,False,True,cluster,0.3,drift_reg,1.259052,0.772344,-0.486708,0.09873570138470801,6.4533,0.8371432804275691,0.6917562724014337,0.0298,0.4468,0.8896263440860215,0.6713230317484807
2018-11,Proposed,5437,1628,71.0,1,1,0.2176,0.3646,0.294,0.0,0.3333,0.0,False,False,False,True,cluster,0.3,drift_reg,0.534618,0.406572,-0.128046,0.07862407862407862,6.5987,0.9042291215571624,0.8421052631578947,0.0176,0.04,0.9545439359267734,0.8164059699453192
2018-12,Proposed,907,276,71.0,1,1,0.1894,0.3011,0.2235,0.0,0.3333,0.0,False,False,False,True,cluster,0.3,drift_reg,0.621528,0.571113,-0.050415,0.05434782608695652,2.3363,0.8758547815755904,0.7192982456140351,0.010588235294117647,0.2752941176470588,0.9118266253869969,0.7308202105610386
