cluster_id,month,top_feature_jaccard_vs_prev,n_features
0,2016-02,0.8333333333333334,11
0,2016-03,0.75,10
0,2016-04,1.0,10
0,2016-05,1.0,10
0,2016-06,1.0,10
0,2016-07,1.0,10
0,2016-08,1.0,10
0,2016-09,1.0,10
0,2016-10,1.0,10
0,2016-11,1.0,10
0,2016-12,1.0,10
0,2017-01,0.8181818181818182,10
0,2017-02,1.0,10
0,2017-03,1.0,10
0,2017-04,1.0,10
0,2017-05,1.0,10
0,2017-06,1.0,10
0,2017-07,1.0,10
0,2017-08,1.0,10
0,2017-09,1.0,10
0,2017-10,1.0,10
0,2017-11,1.0,10
0,2017-12,1.0,10
0,2018-01,1.0,10
0,2018-02,1.0,10
0,2018-03,1.0,10
0,2018-04,1.0,10
0,2018-05,1.0,10
0,2018-06,1.0,10
0,2018-07,1.0,10
0,2018-08,1.0,10
0,2018-09,1.0,10
0,2018-10,1.0,10
0,2018-11,1.0,10
0,2018-12,1.0,10
1,2016-02,1.0,10
1,2016-03,1.0,10
1,2016-04,0.8181818181818182,10
1,2016-05,1.0,10
1,2016-06,1.0,10
1,2016-07,1.0,10
1,2016-08,1.0,10
1,2016-09,1.0,10
1,2016-10,1.0,10
1,2016-11,1.0,10
1,2016-12,1.0,10
1,2017-01,1.0,10
1,2017-02,1.0,10
1,2017-03,1.0,10
1,2017-04,1.0,10
1,2017-05,1.0,10
1,2017-06,1.0,10
1,2017-07,1.0,10
1,2017-08,1.0,10
1,2017-09,1.0,10
1,2017-10,1.0,10
1,2017-11,1.0,10
1,2017-12,1.0,10
1,2018-01,1.0,10
1,2018-02,1.0,10
1,2018-03,1.0,10
1,2018-04,1.0,10
1,2018-05,1.0,10
1,2018-06,1.0,10
1,2018-07,0.8181818181818182,10
1,2018-08,1.0,10
1,2018-09,1.0,10
1,2018-10,1.0,10
1,2018-11,1.0,10
1,2018-12,1.0,10
2,2016-02,1.0,11
2,2016-03,1.0,11
2,2016-04,1.0,11
2,2016-05,1.0,11
2,2016-06,1.0,11
2,2016-07,1.0,11
2,2016-08,1.0,11
2,2016-09,1.0,11
2,2016-10,1.0,11
2,2016-11,1.0,11
2,2016-12,1.0,11
2,2017-01,1.0,11
2,2017-02,1.0,11
2,2017-03,1.0,11
2,2017-04,1.0,11
2,2017-05,1.0,11
2,2017-06,1.0,11
2,2017-07,1.0,11
2,2017-08,1.0,11
2,2017-09,1.0,11
2,2017-10,1.0,11
2,2017-11,1.0,11
2,2017-12,1.0,11
2,2018-01,1.0,11
2,2018-02,1.0,11
2,2018-03,1.0,11
2,2018-04,1.0,11
2,2018-05,1.0,11
2,2018-06,1.0,11
2,2018-07,1.0,11
2,2018-08,1.0,11
2,2018-09,1.0,11
2,2018-10,1.0,11
2,2018-11,1.0,11
2,2018-12,1.0,11
3,2016-02,1.0,10
3,2016-03,1.0,10
3,2016-04,0.8181818181818182,10
3,2016-05,1.0,10
3,2016-06,1.0,10
3,2016-07,1.0,10
3,2016-08,1.0,10
3,2016-09,1.0,10
3,2016-10,1.0,10
3,2016-11,1.0,10
3,2016-12,1.0,10
3,2017-01,1.0,10
3,2017-02,1.0,10
3,2017-03,1.0,10
3,2017-04,1.0,10
3,2017-05,1.0,10
3,2017-06,1.0,10
3,2017-07,0.8181818181818182,10
3,2017-08,1.0,10
3,2017-09,1.0,10
3,2017-10,1.0,10
3,2017-11,1.0,10
3,2017-12,1.0,10
3,2018-01,1.0,10
3,2018-02,1.0,10
3,2018-03,1.0,10
3,2018-04,1.0,10
3,2018-05,1.0,10
3,2018-06,1.0,10
3,2018-07,1.0,10
3,2018-08,1.0,10
3,2018-09,1.0,10
3,2018-10,1.0,10
3,2018-11,1.0,10
3,2018-12,1.0,10
4,2016-02,1.0,13
4,2016-03,1.0,13
4,2016-04,1.0,13
4,2016-05,1.0,13
4,2016-06,1.0,13
4,2016-07,1.0,13
4,2016-08,1.0,13
4,2016-09,1.0,13
4,2016-10,1.0,13
4,2016-11,1.0,13
4,2016-12,1.0,13
4,2017-01,1.0,13
4,2017-02,1.0,13
4,2017-03,1.0,13
4,2017-04,1.0,13
4,2017-05,1.0,13
4,2017-06,1.0,13
4,2017-07,1.0,13
4,2017-08,1.0,13
4,2017-09,1.0,13
4,2017-10,1.0,13
4,2017-11,1.0,13
4,2017-12,1.0,13
4,2018-01,1.0,13
4,2018-02,1.0,13
4,2018-03,1.0,13
4,2018-04,1.0,13
4,2018-05,1.0,13
4,2018-06,1.0,13
4,2018-07,1.0,13
4,2018-08,1.0,13
4,2018-09,1.0,13
4,2018-10,1.0,13
4,2018-11,1.0,13
4,2018-12,1.0,13
5,2016-02,1.0,12
5,2016-03,1.0,12
5,2016-04,0.7692307692307693,11
5,2016-05,1.0,11
5,2016-06,1.0,11
5,2016-07,1.0,11
5,2016-08,1.0,11
5,2016-09,1.0,11
5,2016-10,1.0,11
5,2016-11,1.0,11
5,2016-12,1.0,11
5,2017-01,1.0,11
5,2017-02,1.0,11
5,2017-03,1.0,11
5,2017-04,1.0,11
5,2017-05,1.0,11
5,2017-06,1.0,11
5,2017-07,1.0,11
5,2017-08,1.0,11
5,2017-09,1.0,11
5,2017-10,1.0,11
5,2017-11,1.0,11
5,2017-12,1.0,11
5,2018-01,1.0,11
5,2018-02,1.0,11
5,2018-03,1.0,11
5,2018-04,1.0,11
5,2018-05,1.0,11
5,2018-06,1.0,11
5,2018-07,1.0,11
5,2018-08,1.0,11
5,2018-09,1.0,11
5,2018-10,1.0,11
5,2018-11,1.0,11
5,2018-12,1.0,11
6,2016-02,1.0,11
6,2016-03,0.8333333333333334,11
6,2016-04,1.0,11
6,2016-05,1.0,11
6,2016-06,1.0,11
6,2016-07,1.0,11
6,2016-08,1.0,11
6,2016-09,1.0,11
6,2016-10,1.0,11
6,2016-11,1.0,11
6,2016-12,1.0,11
6,2017-01,1.0,11
6,2017-02,1.0,11
6,2017-03,1.0,11
6,2017-04,0.8333333333333334,11
6,2017-05,1.0,11
6,2017-06,1.0,11
6,2017-07,1.0,11
6,2017-08,1.0,11
6,2017-09,1.0,11
6,2017-10,1.0,11
6,2017-11,1.0,11
6,2017-12,1.0,11
6,2018-01,1.0,11
6,2018-02,1.0,11
6,2018-03,1.0,11
6,2018-04,1.0,11
6,2018-05,1.0,11
6,2018-06,1.0,11
6,2018-07,1.0,11
6,2018-08,1.0,11
6,2018-09,1.0,11
6,2018-10,1.0,11
6,2018-11,1.0,11
6,2018-12,1.0,11
7,2016-02,1.0,10
7,2016-03,1.0,10
7,2016-04,1.0,10
7,2016-05,1.0,10
7,2016-06,1.0,10
7,2016-07,1.0,10
7,2016-08,1.0,10
7,2016-09,1.0,10
7,2016-10,1.0,10
7,2016-11,1.0,10
7,2016-12,1.0,10
7,2017-01,1.0,10
7,2017-02,1.0,10
7,2017-03,1.0,10
7,2017-04,0.6666666666666666,10
7,2017-05,1.0,10
7,2017-06,1.0,10
7,2017-07,1.0,10
7,2017-08,1.0,10
7,2017-09,1.0,10
7,2017-10,1.0,10
7,2017-11,1.0,10
7,2017-12,1.0,10
7,2018-01,1.0,10
7,2018-02,0.8181818181818182,10
7,2018-03,1.0,10
7,2018-04,1.0,10
7,2018-05,1.0,10
7,2018-06,1.0,10
7,2018-07,1.0,10
7,2018-08,1.0,10
7,2018-09,1.0,10
7,2018-10,1.0,10
7,2018-11,1.0,10
7,2018-12,1.0,10
8,2016-02,1.0,11
8,2016-03,1.0,11
8,2016-04,1.0,11
8,2016-05,1.0,11
8,2016-06,1.0,11
8,2016-07,1.0,11
8,2016-08,1.0,11
8,2016-09,1.0,11
8,2016-10,1.0,11
8,2016-11,1.0,11
8,2016-12,1.0,11
8,2017-01,0.75,10
8,2017-02,1.0,10
8,2017-03,1.0,10
8,2017-04,1.0,10
8,2017-05,1.0,10
8,2017-06,0.75,11
8,2017-07,1.0,11
8,2017-08,1.0,11
8,2017-09,1.0,11
8,2017-10,1.0,11
8,2017-11,1.0,11
8,2017-12,1.0,11
8,2018-01,1.0,11
8,2018-02,1.0,11
8,2018-03,1.0,11
8,2018-04,1.0,11
8,2018-05,1.0,11
8,2018-06,1.0,11
8,2018-07,1.0,11
8,2018-08,1.0,11
8,2018-09,1.0,11
8,2018-10,1.0,11
8,2018-11,1.0,11
8,2018-12,1.0,11
9,2016-02,1.0,10
9,2016-03,0.8181818181818182,10
9,2016-04,1.0,10
9,2016-05,1.0,10
9,2016-06,1.0,10
9,2016-07,1.0,10
9,2016-08,1.0,10
9,2016-09,1.0,10
9,2016-10,1.0,10
9,2016-11,1.0,10
9,2016-12,1.0,10
9,2017-01,1.0,10
9,2017-02,1.0,10
9,2017-03,1.0,10
9,2017-04,1.0,10
9,2017-05,1.0,10
9,2017-06,1.0,10
9,2017-07,1.0,10
9,2017-08,1.0,10
9,2017-09,1.0,10
9,2017-10,1.0,10
9,2017-11,1.0,10
9,2017-12,1.0,10
9,2018-01,1.0,10
9,2018-02,1.0,10
9,2018-03,1.0,10
9,2018-04,1.0,10
9,2018-05,1.0,10
9,2018-06,1.0,10
9,2018-07,1.0,10
9,2018-08,1.0,10
9,2018-09,1.0,10
9,2018-10,1.0,10
9,2018-11,1.0,10
9,2018-12,1.0,10
10,2016-02,1.0,10
10,2016-03,1.0,10
10,2016-04,1.0,10
10,2016-05,1.0,10
10,2016-06,1.0,10
10,2016-07,1.0,10
10,2016-08,1.0,10
10,2016-09,1.0,10
10,2016-10,1.0,10
10,2016-11,1.0,10
10,2016-12,1.0,10
10,2017-01,1.0,10
10,2017-02,1.0,10
10,2017-03,1.0,10
10,2017-04,1.0,10
10,2017-05,1.0,10
10,2017-06,1.0,10
10,2017-07,1.0,10
10,2017-08,1.0,10
10,2017-09,1.0,10
10,2017-10,1.0,10
10,2017-11,1.0,10
10,2017-12,1.0,10
10,2018-01,1.0,10
10,2018-02,1.0,10
10,2018-03,1.0,10
10,2018-04,1.0,10
10,2018-05,1.0,10
10,2018-06,1.0,10
10,2018-07,1.0,10
10,2018-08,1.0,10
10,2018-09,1.0,10
10,2018-10,1.0,10
10,2018-11,1.0,10
10,2018-12,1.0,10
11,2016-02,1.0,13
11,2016-03,1.0,13
11,2016-04,1.0,13
11,2016-05,1.0,13
11,2016-06,0.0,10
11,2016-07,1.0,10
11,2016-08,1.0,10
11,2016-09,1.0,10
11,2016-10,1.0,10
11,2016-11,1.0,10
11,2016-12,1.0,10
11,2017-01,1.0,10
11,2017-02,1.0,10
11,2017-03,0.8181818181818182,10
11,2017-04,0.8181818181818182,10
11,2017-05,0.8181818181818182,10
11,2017-06,0.8181818181818182,10
11,2017-07,1.0,10
11,2017-08,1.0,10
11,2017-09,1.0,10
11,2017-10,1.0,10
11,2017-11,1.0,10
11,2017-12,1.0,10
11,2018-01,1.0,10
11,2018-02,1.0,10
11,2018-03,1.0,10
11,2018-04,1.0,10
11,2018-05,1.0,10
11,2018-06,1.0,10
11,2018-07,1.0,10
11,2018-08,0.8181818181818182,10
11,2018-09,1.0,10
11,2018-10,0.8181818181818182,10
11,2018-11,1.0,10
11,2018-12,1.0,10
12,2016-02,1.0,10
12,2016-03,1.0,10
12,2016-04,1.0,10
12,2016-05,1.0,10
12,2016-06,0.2777777777777778,13
12,2016-07,1.0,13
12,2016-08,1.0,13
12,2016-09,1.0,13
12,2016-10,1.0,13
12,2016-11,1.0,13
12,2016-12,1.0,13
12,2017-01,1.0,13
12,2017-02,1.0,13
12,2017-03,1.0,13
12,2017-04,1.0,13
12,2017-05,1.0,13
12,2017-06,1.0,13
12,2017-07,1.0,13
12,2017-08,1.0,13
12,2017-09,1.0,13
12,2017-10,1.0,13
12,2017-11,1.0,13
12,2017-12,1.0,13
12,2018-01,1.0,13
12,2018-02,1.0,13
12,2018-03,1.0,13
12,2018-04,1.0,13
12,2018-05,1.0,13
12,2018-06,1.0,13
12,2018-07,1.0,13
12,2018-08,1.0,13
12,2018-09,1.0,13
12,2018-10,1.0,13
12,2018-11,1.0,13
12,2018-12,1.0,13
13,2016-02,1.0,13
13,2016-03,1.0,13
13,2016-04,1.0,13
13,2016-05,1.0,13
13,2016-06,0.0,10
13,2016-07,1.0,10
13,2016-08,1.0,10
13,2016-09,0.8181818181818182,10
13,2016-10,1.0,10
13,2016-11,1.0,10
13,2016-12,1.0,10
13,2017-01,1.0,10
13,2017-02,0.05263157894736842,10
13,2017-03,1.0,10
13,2017-04,1.0,10
13,2017-05,1.0,10
13,2017-06,1.0,10
13,2017-07,1.0,10
13,2017-08,1.0,10
13,2017-09,1.0,10
13,2017-10,1.0,10
13,2017-11,1.0,10
13,2017-12,1.0,10
13,2018-01,1.0,10
13,2018-02,1.0,10
13,2018-03,1.0,10
13,2018-04,1.0,10
13,2018-05,1.0,10
13,2018-06,1.0,10
13,2018-07,1.0,10
13,2018-08,1.0,10
13,2018-09,1.0,10
13,2018-10,1.0,10
13,2018-11,1.0,10
13,2018-12,1.0,10
14,2016-02,0.8333333333333334,11
14,2016-03,0.6153846153846154,10
14,2016-04,0.8181818181818182,10
14,2016-05,0.8181818181818182,10
14,2016-06,0.05263157894736842,10
14,2016-07,1.0,10
14,2016-08,1.0,10
14,2016-09,1.0,10
14,2016-10,1.0,10
14,2016-11,1.0,10
14,2016-12,1.0,10
14,2017-01,1.0,10
14,2017-02,0.42857142857142855,10
14,2017-03,1.0,10
14,2017-04,1.0,10
14,2017-05,1.0,10
14,2017-06,1.0,10
14,2017-07,0.8181818181818182,10
14,2017-08,1.0,10
14,2017-09,1.0,10
14,2017-10,1.0,10
14,2017-11,1.0,10
14,2017-12,1.0,10
14,2018-01,1.0,10
14,2018-02,1.0,10
14,2018-03,1.0,10
14,2018-04,1.0,10
14,2018-05,1.0,10
14,2018-06,1.0,10
14,2018-07,1.0,10
14,2018-08,1.0,10
14,2018-09,1.0,10
14,2018-10,1.0,10
14,2018-11,1.0,10
14,2018-12,1.0,10
15,2016-02,0.8181818181818182,10
15,2016-03,0.8181818181818182,10
15,2016-04,0.8181818181818182,10
15,2016-05,1.0,10
15,2016-06,0.42857142857142855,10
15,2016-07,1.0,10
15,2016-08,1.0,10
15,2016-09,1.0,10
15,2016-10,1.0,10
15,2016-11,1.0,10
15,2016-12,1.0,10
15,2017-01,1.0,10
15,2017-02,0.16666666666666666,11
15,2017-03,1.0,11
15,2017-04,0.8333333333333334,11
15,2017-05,1.0,11
15,2017-06,1.0,11
15,2017-07,1.0,11
15,2017-08,0.8333333333333334,11
15,2017-09,1.0,11
15,2017-10,1.0,11
15,2017-11,1.0,11
15,2017-12,1.0,11
15,2018-01,1.0,11
15,2018-02,1.0,11
15,2018-03,1.0,11
15,2018-04,1.0,11
15,2018-05,1.0,11
15,2018-06,1.0,11
15,2018-07,1.0,11
15,2018-08,1.0,11
15,2018-09,1.0,11
15,2018-10,1.0,11
15,2018-11,1.0,11
15,2018-12,1.0,11
16,2016-02,1.0,10
16,2016-03,1.0,10
16,2016-04,1.0,10
16,2016-05,1.0,10
16,2016-06,0.16666666666666666,11
16,2016-07,1.0,11
16,2016-08,1.0,11
16,2016-09,1.0,11
16,2016-10,1.0,11
16,2016-11,1.0,11
16,2016-12,1.0,11
16,2017-01,1.0,11
16,2017-02,0.23529411764705882,10
16,2017-03,1.0,10
16,2017-04,1.0,10
16,2017-05,1.0,10
16,2017-06,1.0,10
16,2017-07,1.0,10
16,2017-08,1.0,10
16,2017-09,1.0,10
16,2017-10,1.0,10
16,2017-11,1.0,10
16,2017-12,1.0,10
16,2018-01,1.0,10
16,2018-02,1.0,10
16,2018-03,1.0,10
16,2018-04,1.0,10
16,2018-05,1.0,10
16,2018-06,1.0,10
16,2018-07,1.0,10
16,2018-08,1.0,10
16,2018-09,1.0,10
16,2018-10,1.0,10
16,2018-11,1.0,10
16,2018-12,1.0,10
17,2016-02,1.0,11
17,2016-03,0.8333333333333334,11
17,2016-04,0.8333333333333334,11
17,2016-05,1.0,11
17,2016-06,0.23529411764705882,10
17,2016-07,1.0,10
17,2016-08,1.0,10
17,2016-09,1.0,10
17,2016-10,1.0,10
17,2016-11,1.0,10
17,2016-12,1.0,10
17,2017-01,1.0,10
17,2017-02,0.6666666666666666,10
17,2017-03,1.0,10
17,2017-04,1.0,10
17,2017-05,1.0,10
17,2017-06,1.0,10
17,2017-07,1.0,10
17,2017-08,1.0,10
17,2017-09,1.0,10
17,2017-10,1.0,10
17,2017-11,1.0,10
17,2017-12,1.0,10
17,2018-01,1.0,10
17,2018-02,1.0,10
17,2018-03,1.0,10
17,2018-04,1.0,10
17,2018-05,1.0,10
17,2018-06,1.0,10
17,2018-07,1.0,10
17,2018-08,1.0,10
17,2018-09,1.0,10
17,2018-10,1.0,10
17,2018-11,1.0,10
17,2018-12,1.0,10
18,2016-02,1.0,10
18,2016-03,1.0,10
18,2016-04,1.0,10
18,2016-05,1.0,10
18,2016-06,0.6666666666666666,10
18,2016-07,1.0,10
18,2016-08,1.0,10
18,2016-09,1.0,10
18,2016-10,1.0,10
18,2016-11,1.0,10
18,2016-12,1.0,10
18,2017-01,1.0,10
18,2017-02,0.16666666666666666,11
18,2017-03,1.0,11
18,2017-04,1.0,11
18,2017-05,1.0,11
18,2017-06,1.0,11
18,2017-07,1.0,11
18,2017-08,1.0,11
18,2017-09,1.0,11
18,2017-10,1.0,11
18,2017-11,1.0,11
18,2017-12,1.0,11
18,2018-01,1.0,11
18,2018-02,1.0,11
18,2018-03,1.0,11
18,2018-04,0.8333333333333334,11
18,2018-05,1.0,11
18,2018-06,1.0,11
18,2018-07,1.0,11
18,2018-08,1.0,11
18,2018-09,1.0,11
18,2018-10,1.0,11
18,2018-11,0.10526315789473684,10
18,2018-12,1.0,10
19,2016-02,1.0,10
19,2016-03,1.0,10
19,2016-04,1.0,10
19,2016-05,1.0,10
19,2016-06,0.23529411764705882,11
19,2016-07,1.0,11
19,2016-08,1.0,11
19,2016-09,1.0,11
19,2016-10,1.0,11
19,2016-11,1.0,11
19,2016-12,1.0,11
19,2017-01,1.0,11
19,2017-02,0.3125,10
19,2017-03,1.0,10
19,2017-04,0.8181818181818182,10
19,2017-05,1.0,10
19,2017-06,1.0,10
19,2017-07,1.0,10
19,2017-08,1.0,10
19,2017-09,1.0,10
19,2017-10,1.0,10
19,2017-11,1.0,10
19,2017-12,1.0,10
19,2018-01,1.0,10
19,2018-02,1.0,10
19,2018-03,1.0,10
19,2018-04,0.8181818181818182,10
19,2018-05,1.0,10
19,2018-06,1.0,10
19,2018-07,1.0,10
19,2018-08,0.8181818181818182,10
19,2018-09,0.8181818181818182,10
19,2018-10,1.0,10
19,2018-11,0.1111111111111111,10
19,2018-12,1.0,10
20,2016-02,0.6153846153846154,11
20,2016-03,1.0,11
20,2016-04,1.0,11
20,2016-05,1.0,11
20,2016-06,0.4,10
20,2016-07,1.0,10
20,2016-08,0.8181818181818182,10
20,2016-09,1.0,10
20,2016-10,1.0,10
20,2016-11,1.0,10
20,2016-12,1.0,10
20,2017-01,1.0,10
20,2017-02,0.23529411764705882,11
20,2017-03,1.0,11
20,2017-04,1.0,11
20,2017-05,1.0,11
20,2017-06,1.0,11
20,2017-07,1.0,11
20,2017-08,1.0,11
20,2017-09,1.0,11
20,2017-10,1.0,11
20,2017-11,0.75,10
20,2017-12,1.0,10
20,2018-01,1.0,10
20,2018-02,1.0,10
20,2018-03,0.8181818181818182,10
20,2018-04,1.0,10
20,2018-05,1.0,10
20,2018-06,1.0,10
20,2018-07,1.0,10
20,2018-08,0.8181818181818182,10
20,2018-09,1.0,10
20,2018-10,1.0,10
20,2018-11,0.8181818181818182,10
20,2018-12,1.0,10
21,2016-02,1.0,10
21,2016-03,1.0,10
21,2016-04,1.0,10
21,2016-05,1.0,10
21,2016-06,0.10526315789473684,11
21,2016-07,1.0,11
21,2016-08,0.7692307692307693,12
21,2016-09,1.0,12
21,2016-10,1.0,12
21,2016-11,1.0,12
21,2016-12,1.0,12
21,2017-01,1.0,12
21,2017-02,0.0,10
21,2017-03,1.0,10
21,2017-04,1.0,10
21,2017-05,1.0,10
21,2017-06,1.0,10
21,2017-07,0.8181818181818182,10
21,2017-08,0.8181818181818182,10
21,2017-09,1.0,10
21,2017-10,1.0,10
21,2017-11,1.0,10
21,2017-12,1.0,10
21,2018-01,0.8181818181818182,10
21,2018-02,1.0,10
21,2018-03,1.0,10
21,2018-04,0.8181818181818182,10
21,2018-05,1.0,10
21,2018-06,1.0,10
21,2018-07,1.0,10
21,2018-08,0.8181818181818182,10
21,2018-09,1.0,10
21,2018-10,1.0,10
21,2018-11,0.15789473684210525,12
21,2018-12,1.0,12
22,2016-02,1.0,11
22,2016-03,1.0,11
22,2016-04,1.0,11
22,2016-05,1.0,11
22,2016-06,0.0,11
22,2016-07,1.0,11
22,2016-08,0.8333333333333334,11
22,2016-09,1.0,11
22,2016-10,1.0,11
22,2016-11,1.0,11
22,2016-12,1.0,11
22,2017-01,1.0,11
22,2017-02,0.14285714285714285,13
22,2017-03,1.0,13
22,2017-04,1.0,13
22,2017-05,1.0,13
22,2017-06,1.0,13
22,2017-07,1.0,13
22,2017-08,1.0,13
22,2017-09,1.0,13
22,2017-10,1.0,13
22,2017-11,1.0,13
22,2017-12,1.0,13
22,2018-01,1.0,13
22,2018-02,0.7333333333333333,13
22,2018-03,1.0,13
22,2018-04,0.8,14
22,2018-05,1.0,14
22,2018-06,1.0,14
22,2018-07,0.8,13
22,2018-08,0.8571428571428571,13
22,2018-09,0.8571428571428571,13
22,2018-10,0.7857142857142857,12
22,2018-11,0.15789473684210525,10
22,2018-12,1.0,10
23,2016-02,0.8181818181818182,10
23,2016-03,0.75,11
23,2016-04,1.0,11
23,2016-05,1.0,11
23,2016-06,0.6153846153846154,10
23,2016-07,1.0,10
23,2016-08,1.0,10
23,2016-09,1.0,10
23,2016-10,1.0,10
23,2016-11,1.0,10
23,2016-12,1.0,10
23,2017-01,1.0,10
23,2017-02,0.5384615384615384,10
23,2017-03,1.0,10
23,2017-04,1.0,10
23,2017-05,1.0,10
23,2017-06,1.0,10
23,2017-07,1.0,10
23,2017-08,1.0,10
23,2017-09,1.0,10
23,2017-10,1.0,10
23,2017-11,1.0,10
23,2017-12,1.0,10
23,2018-01,1.0,10
23,2018-02,1.0,10
23,2018-03,1.0,10
23,2018-04,1.0,10
23,2018-05,1.0,10
23,2018-06,1.0,10
23,2018-07,1.0,10
23,2018-08,1.0,10
23,2018-09,1.0,10
23,2018-10,1.0,10
23,2018-11,0.2222222222222222,12
23,2018-12,1.0,12
24,2016-02,1.0,10
24,2016-03,1.0,10
24,2016-04,1.0,10
24,2016-05,1.0,10
24,2016-06,0.045454545454545456,13
24,2016-07,1.0,13
24,2016-08,1.0,13
24,2016-09,1.0,13
24,2016-10,1.0,13
24,2016-11,1.0,13
24,2016-12,1.0,13
24,2017-01,1.0,13
24,2017-02,0.3157894736842105,12
24,2017-03,1.0,12
24,2017-04,0.7692307692307693,11
24,2017-05,0.7692307692307693,12
24,2017-06,1.0,12
24,2017-07,1.0,12
24,2017-08,1.0,12
24,2017-09,0.7692307692307693,11
24,2017-10,0.7692307692307693,12
24,2017-11,0.8461538461538461,12
24,2017-12,1.0,12
24,2018-01,1.0,12
24,2018-02,1.0,12
24,2018-03,0.8461538461538461,12
24,2018-04,1.0,12
24,2018-05,1.0,12
24,2018-06,1.0,12
24,2018-07,1.0,12
24,2018-08,1.0,12
24,2018-09,1.0,12
24,2018-10,1.0,12
24,2018-11,0.15789473684210525,10
24,2018-12,1.0,10
25,2016-03,1.0,12
25,2016-04,0.6666666666666666,13
25,2016-05,0.8571428571428571,13
25,2016-06,0.09523809523809523,10
25,2016-07,1.0,10
25,2016-08,1.0,10
25,2016-09,1.0,10
25,2016-10,1.0,10
25,2016-11,1.0,10
25,2016-12,1.0,10
25,2017-01,1.0,10
25,2017-02,0.1111111111111111,10
25,2017-03,1.0,10
25,2017-04,0.8181818181818182,10
25,2017-05,1.0,10
25,2017-06,1.0,10
25,2017-07,0.8181818181818182,10
25,2017-08,1.0,10
25,2017-09,1.0,10
25,2017-10,1.0,10
25,2017-11,1.0,10
25,2017-12,1.0,10
25,2018-01,1.0,10
25,2018-02,1.0,10
25,2018-03,1.0,10
25,2018-04,1.0,10
25,2018-05,1.0,10
25,2018-06,1.0,10
25,2018-07,1.0,10
25,2018-08,1.0,10
25,2018-09,1.0,10
25,2018-10,1.0,10
25,2018-11,0.10526315789473684,11
25,2018-12,1.0,11
26,2016-03,0.8181818181818182,10
26,2016-04,0.8181818181818182,10
26,2016-05,1.0,10
26,2016-06,0.0,15
26,2016-07,1.0,15
26,2016-08,0.7647058823529411,15
26,2016-09,0.8125,14
26,2016-10,0.8666666666666667,14
26,2016-11,1.0,14
26,2016-12,1.0,14
26,2017-01,0.5882352941176471,13
26,2017-02,0.043478260869565216,11
26,2017-03,1.0,11
26,2017-04,1.0,11
26,2017-05,1.0,11
26,2017-06,1.0,11
26,2017-07,1.0,11
26,2017-08,1.0,11
26,2017-09,1.0,11
26,2017-10,1.0,11
26,2017-11,1.0,11
26,2017-12,1.0,11
26,2018-01,1.0,11
26,2018-02,0.6923076923076923,11
26,2018-03,1.0,11
26,2018-04,1.0,11
26,2018-05,1.0,11
26,2018-06,1.0,11
26,2018-07,1.0,11
26,2018-08,1.0,11
26,2018-09,1.0,11
26,2018-10,1.0,11
26,2018-11,0.5,10
26,2018-12,1.0,10
27,2016-03,0.875,15
27,2016-04,1.0,15
27,2016-05,1.0,15
27,2016-06,0.041666666666666664,10
27,2016-07,0.8181818181818182,10
27,2016-08,0.8181818181818182,10
27,2016-09,1.0,10
27,2016-10,1.0,10
27,2016-11,1.0,10
27,2016-12,1.0,10
27,2017-01,1.0,10
27,2017-02,0.25,10
27,2017-03,0.8181818181818182,10
27,2017-04,1.0,10
27,2017-05,1.0,10
27,2017-06,1.0,10
27,2017-07,1.0,10
27,2017-08,0.8181818181818182,10
27,2017-09,1.0,10
27,2017-10,1.0,10
27,2017-11,1.0,10
27,2017-12,1.0,10
27,2018-01,1.0,10
27,2018-02,1.0,10
27,2018-03,1.0,10
27,2018-04,1.0,10
27,2018-05,1.0,10
27,2018-06,1.0,10
27,2018-07,1.0,10
27,2018-08,1.0,10
27,2018-09,1.0,10
27,2018-10,1.0,10
27,2018-11,0.5,11
27,2018-12,1.0,11
28,2016-03,1.0,10
28,2016-04,0.8181818181818182,10
28,2016-05,0.8181818181818182,10
28,2016-06,0.10526315789473684,11
28,2016-07,1.0,11
28,2016-08,0.8333333333333334,11
28,2016-09,1.0,11
28,2016-10,1.0,11
28,2016-11,1.0,11
28,2016-12,1.0,11
28,2017-01,1.0,11
28,2017-02,0.4666666666666667,11
28,2017-03,0.75,10
28,2017-04,0.75,11
28,2017-05,0.6923076923076923,11
28,2017-06,1.0,11
28,2017-07,1.0,11
28,2017-08,1.0,11
28,2017-09,1.0,11
28,2017-10,1.0,11
28,2017-11,1.0,11
28,2017-12,1.0,11
28,2018-01,1.0,11
28,2018-02,1.0,11
28,2018-03,1.0,11
28,2018-04,1.0,11
28,2018-05,1.0,11
28,2018-06,1.0,11
28,2018-07,1.0,11
28,2018-08,1.0,11
28,2018-09,1.0,11
28,2018-10,1.0,11
28,2018-11,0.5,10
28,2018-12,1.0,10
29,2016-03,1.0,11
29,2016-04,0.8333333333333334,11
29,2016-05,0.8333333333333334,11
29,2016-06,0.5,10
29,2016-07,0.8181818181818182,10
29,2016-08,1.0,10
29,2016-09,1.0,10
29,2016-10,1.0,10
29,2016-11,1.0,10
29,2016-12,1.0,10
29,2017-01,0.8181818181818182,10
29,2017-02,0.3333333333333333,10
29,2017-03,0.8181818181818182,10
29,2017-04,0.8181818181818182,10
29,2017-05,0.8181818181818182,10
29,2017-06,1.0,10
29,2017-07,1.0,10
29,2017-08,0.8181818181818182,10
29,2017-09,1.0,10
29,2017-10,1.0,10
29,2017-11,1.0,10
29,2017-12,1.0,10
29,2018-01,1.0,10
29,2018-02,1.0,10
29,2018-03,1.0,10
29,2018-04,1.0,10
29,2018-05,0.8181818181818182,10
29,2018-06,0.8181818181818182,10
29,2018-07,0.8181818181818182,10
29,2018-08,1.0,10
29,2018-09,1.0,10
29,2018-10,0.8181818181818182,10
29,2018-11,0.5384615384615384,10
29,2018-12,1.0,10
30,2016-04,1.0,10
30,2016-05,0.8181818181818182,10
30,2016-06,0.3125,11
30,2016-07,1.0,11
30,2016-08,1.0,11
30,2016-09,1.0,11
30,2016-10,1.0,11
30,2016-11,1.0,11
30,2016-12,1.0,11
30,2017-01,1.0,11
30,2017-02,0.4,10
30,2017-03,1.0,10
30,2017-04,1.0,10
30,2017-05,1.0,10
30,2017-06,1.0,10
30,2017-07,1.0,10
30,2017-08,1.0,10
30,2017-09,1.0,10
30,2017-10,1.0,10
30,2017-11,1.0,10
30,2017-12,1.0,10
30,2018-01,1.0,10
30,2018-02,1.0,10
30,2018-03,1.0,10
30,2018-04,1.0,10
30,2018-05,1.0,10
30,2018-06,1.0,10
30,2018-07,1.0,10
30,2018-08,1.0,10
30,2018-09,1.0,10
30,2018-10,1.0,10
30,2018-11,0.4,11
30,2018-12,1.0,11
31,2016-04,0.8333333333333334,11
31,2016-05,1.0,11
31,2016-06,0.15789473684210525,11
31,2016-07,0.75,10
31,2016-08,0.8181818181818182,10
31,2016-09,1.0,10
31,2016-10,1.0,10
31,2016-11,1.0,10
31,2016-12,1.0,10
31,2017-01,1.0,10
31,2017-02,0.10526315789473684,11
31,2017-03,1.0,11
31,2017-04,1.0,11
31,2017-05,1.0,11
31,2017-06,1.0,11
31,2017-07,1.0,11
31,2017-08,1.0,11
31,2017-09,1.0,11
31,2017-10,1.0,11
31,2017-11,1.0,11
31,2017-12,1.0,11
31,2018-01,1.0,11
31,2018-02,1.0,11
31,2018-03,1.0,11
31,2018-04,1.0,11
31,2018-05,1.0,11
31,2018-06,1.0,11
31,2018-07,1.0,11
31,2018-08,1.0,11
31,2018-09,1.0,11
31,2018-10,1.0,11
31,2018-11,0.23529411764705882,10
31,2018-12,1.0,10
32,2016-04,0.5,11
32,2016-05,0.8333333333333334,11
32,2016-06,0.16666666666666666,10
32,2016-07,0.8181818181818182,10
32,2016-08,1.0,10
32,2016-09,1.0,10
32,2016-10,1.0,10
32,2016-11,1.0,10
32,2016-12,1.0,10
32,2017-01,1.0,10
32,2017-02,0.3333333333333333,10
32,2017-03,1.0,10
32,2017-04,1.0,10
32,2017-05,1.0,10
32,2017-06,1.0,10
32,2017-07,1.0,10
32,2017-08,1.0,10
32,2017-09,1.0,10
32,2017-10,1.0,10
32,2017-11,1.0,10
32,2017-12,1.0,10
32,2018-01,1.0,10
32,2018-02,1.0,10
32,2018-03,1.0,10
32,2018-04,1.0,10
32,2018-05,1.0,10
32,2018-06,1.0,10
32,2018-07,1.0,10
32,2018-08,1.0,10
32,2018-09,1.0,10
32,2018-10,1.0,10
32,2018-11,0.3333333333333333,10
32,2018-12,1.0,10
33,2016-04,1.0,10
33,2016-05,1.0,10
33,2016-06,0.5,11
33,2016-07,1.0,11
33,2016-08,1.0,11
33,2016-09,1.0,11
33,2016-10,1.0,11
33,2016-11,1.0,11
33,2016-12,1.0,11
33,2017-01,1.0,11
33,2017-02,0.4,10
33,2017-03,1.0,10
33,2017-04,1.0,10
33,2017-05,1.0,10
33,2017-06,1.0,10
33,2017-07,1.0,10
33,2017-08,1.0,10
33,2017-09,1.0,10
33,2017-10,0.8181818181818182,10
33,2017-11,0.8181818181818182,10
33,2017-12,0.8181818181818182,10
33,2018-01,1.0,10
33,2018-02,1.0,10
33,2018-03,1.0,10
33,2018-04,1.0,10
33,2018-05,1.0,10
33,2018-06,1.0,10
33,2018-07,1.0,10
33,2018-08,1.0,10
33,2018-09,1.0,10
33,2018-10,1.0,10
33,2018-11,0.3125,11
33,2018-12,1.0,11
34,2016-04,0.75,11
34,2016-05,1.0,11
34,2016-06,0.3125,10
34,2016-07,0.8181818181818182,10
34,2016-08,1.0,10
34,2016-09,1.0,10
34,2016-10,1.0,10
34,2016-11,1.0,10
34,2016-12,1.0,10
34,2017-01,1.0,10
34,2017-02,0.23529411764705882,11
34,2017-03,0.8333333333333334,11
34,2017-04,1.0,11
34,2017-05,1.0,11
34,2017-06,1.0,11
34,2017-07,0.8333333333333334,11
34,2017-08,1.0,11
34,2017-09,1.0,11
34,2017-10,1.0,11
34,2017-11,1.0,11
34,2017-12,1.0,11
34,2018-01,1.0,11
34,2018-02,1.0,11
34,2018-03,1.0,11
34,2018-04,1.0,11
34,2018-05,1.0,11
34,2018-06,1.0,11
34,2018-07,1.0,11
34,2018-08,1.0,11
34,2018-09,1.0,11
34,2018-10,1.0,11
34,2018-11,0.05,10
34,2018-12,1.0,10
35,2016-05,1.0,10
35,2016-06,0.42857142857142855,10
35,2016-07,1.0,10
35,2016-08,0.8181818181818182,10
35,2016-09,1.0,10
35,2016-10,1.0,10
35,2016-11,1.0,10
35,2016-12,1.0,10
35,2017-01,0.6666666666666666,10
35,2017-02,0.25,10
35,2017-03,0.8181818181818182,10
35,2017-04,1.0,10
35,2017-05,1.0,10
35,2017-06,1.0,10
35,2017-07,1.0,10
35,2017-08,1.0,10
35,2017-09,1.0,10
35,2017-10,1.0,10
35,2017-11,1.0,10
35,2017-12,1.0,10
35,2018-01,1.0,10
35,2018-02,1.0,10
35,2018-03,1.0,10
35,2018-04,1.0,10
35,2018-05,1.0,10
35,2018-06,1.0,10
35,2018-07,1.0,10
35,2018-08,1.0,10
35,2018-09,0.8181818181818182,10
35,2018-10,1.0,10
35,2018-11,0.1,12
35,2018-12,1.0,12
36,2016-05,1.0,10
36,2016-06,0.5384615384615384,10
36,2016-07,1.0,10
36,2016-08,1.0,10
36,2016-09,1.0,10
36,2016-10,1.0,10
36,2016-11,1.0,10
36,2016-12,1.0,10
36,2017-01,0.6153846153846154,11
36,2017-02,0.29411764705882354,11
36,2017-03,1.0,11
36,2017-04,1.0,11
36,2017-05,1.0,11
36,2017-06,0.7692307692307693,12
36,2017-07,1.0,12
36,2017-08,1.0,12
36,2017-09,1.0,12
36,2017-10,1.0,12
36,2017-11,1.0,12
36,2017-12,1.0,12
36,2018-01,1.0,12
36,2018-02,1.0,12
36,2018-03,1.0,12
36,2018-04,1.0,12
36,2018-05,1.0,12
36,2018-06,1.0,12
36,2018-07,1.0,12
36,2018-08,1.0,12
36,2018-09,1.0,12
36,2018-10,1.0,12
36,2018-11,0.4666666666666667,10
36,2018-12,1.0,10
37,2016-05,1.0,10
37,2016-06,0.25,10
37,2016-07,1.0,10
37,2016-08,1.0,10
37,2016-09,0.8181818181818182,10
37,2016-10,1.0,10
37,2016-11,1.0,10
37,2016-12,1.0,10
37,2017-01,1.0,10
37,2017-02,0.17647058823529413,10
37,2017-03,1.0,10
37,2017-04,1.0,10
37,2017-05,1.0,10
37,2017-06,1.0,10
37,2017-07,1.0,10
37,2017-08,1.0,10
37,2017-09,0.8181818181818182,10
37,2017-10,1.0,10
37,2017-11,0.8181818181818182,10
37,2017-12,1.0,10
37,2018-01,1.0,10
37,2018-02,1.0,10
37,2018-03,1.0,10
37,2018-04,1.0,10
37,2018-05,1.0,10
37,2018-06,1.0,10
37,2018-07,1.0,10
37,2018-08,1.0,10
37,2018-09,1.0,10
37,2018-10,1.0,10
37,2018-11,0.4,11
37,2018-12,1.0,11
38,2016-05,0.6666666666666666,10
38,2016-06,0.23529411764705882,11
38,2016-07,0.8333333333333334,11
38,2016-08,1.0,11
38,2016-09,1.0,11
38,2016-10,1.0,11
38,2016-11,1.0,11
38,2016-12,1.0,11
38,2017-01,0.8333333333333334,11
38,2017-02,0.375,11
38,2017-03,1.0,11
38,2017-04,1.0,11
38,2017-05,1.0,11
38,2017-06,1.0,11
38,2017-07,1.0,11
38,2017-08,1.0,11
38,2017-09,1.0,11
38,2017-10,1.0,11
38,2017-11,1.0,11
38,2017-12,1.0,11
38,2018-01,1.0,11
38,2018-02,1.0,11
38,2018-03,1.0,11
38,2018-04,1.0,11
38,2018-05,1.0,11
38,2018-06,1.0,11
38,2018-07,1.0,11
38,2018-08,1.0,11
38,2018-09,1.0,11
38,2018-10,1.0,11
38,2018-11,0.5,10
38,2018-12,1.0,10
39,2016-05,1.0,11
39,2016-06,0.4666666666666667,11
39,2016-07,0.6153846153846154,10
39,2016-08,1.0,10
39,2016-09,1.0,10
39,2016-10,1.0,10
39,2016-11,1.0,10
39,2016-12,1.0,10
39,2017-01,1.0,10
39,2017-02,0.6666666666666666,10
39,2017-03,1.0,10
39,2017-04,1.0,10
39,2017-05,1.0,10
39,2017-06,1.0,10
39,2017-07,1.0,10
39,2017-08,1.0,10
39,2017-09,1.0,10
39,2017-10,1.0,10
39,2017-11,1.0,10
39,2017-12,1.0,10
39,2018-01,1.0,10
39,2018-02,1.0,10
39,2018-03,1.0,10
39,2018-04,1.0,10
39,2018-05,1.0,10
39,2018-06,1.0,10
39,2018-07,1.0,10
39,2018-08,1.0,10
39,2018-09,1.0,10
39,2018-10,1.0,10
39,2018-11,0.5384615384615384,10
39,2018-12,1.0,10
40,2016-06,0.5,10
40,2016-07,1.0,10
40,2016-08,0.75,11
40,2016-09,1.0,11
40,2016-10,1.0,11
40,2016-11,1.0,11
40,2016-12,1.0,11
40,2017-01,0.75,10
40,2017-02,0.8181818181818182,10
40,2017-03,1.0,10
40,2017-04,1.0,10
40,2017-05,1.0,10
40,2017-06,1.0,10
40,2017-07,1.0,10
40,2017-08,1.0,10
40,2017-09,1.0,10
40,2017-10,1.0,10
40,2017-11,1.0,10
40,2017-12,1.0,10
40,2018-01,1.0,10
40,2018-02,1.0,10
40,2018-03,1.0,10
40,2018-04,1.0,10
40,2018-05,1.0,10
40,2018-06,1.0,10
40,2018-07,1.0,10
40,2018-08,1.0,10
40,2018-09,1.0,10
40,2018-10,1.0,10
40,2018-11,0.5384615384615384,10
40,2018-12,1.0,10
41,2016-06,0.4,11
41,2016-07,1.0,11
41,2016-08,0.75,10
41,2016-09,1.0,10
41,2016-10,1.0,10
41,2016-11,1.0,10
41,2016-12,1.0,10
41,2017-01,1.0,10
41,2017-02,0.75,11
41,2017-03,0.8333333333333334,11
41,2017-04,0.6153846153846154,10
41,2017-05,1.0,10
41,2017-06,1.0,10
41,2017-07,1.0,10
41,2017-08,1.0,10
41,2017-09,1.0,10
41,2017-10,1.0,10
41,2017-11,1.0,10
41,2017-12,1.0,10
41,2018-01,1.0,10
41,2018-02,1.0,10
41,2018-03,1.0,10
41,2018-04,1.0,10
41,2018-05,1.0,10
41,2018-06,1.0,10
41,2018-07,1.0,10
41,2018-08,1.0,10
41,2018-09,1.0,10
41,2018-10,1.0,10
41,2018-11,0.3125,11
41,2018-12,1.0,11
42,2016-06,0.4,10
42,2016-07,1.0,10
42,2016-08,1.0,10
42,2016-09,1.0,10
42,2016-10,1.0,10
42,2016-11,1.0,10
42,2016-12,1.0,10
42,2017-01,1.0,10
42,2017-02,0.23529411764705882,11
42,2017-03,1.0,11
42,2017-04,0.6923076923076923,11
42,2017-05,1.0,11
42,2017-06,1.0,11
42,2017-07,1.0,11
42,2017-08,1.0,11
42,2017-09,1.0,11
42,2017-10,0.8333333333333334,11
42,2017-11,1.0,11
42,2017-12,1.0,11
42,2018-01,1.0,11
42,2018-02,1.0,11
42,2018-03,1.0,11
42,2018-04,0.8333333333333334,11
42,2018-05,0.8333333333333334,11
42,2018-06,0.8333333333333334,11
42,2018-07,1.0,11
42,2018-08,1.0,11
42,2018-09,1.0,11
42,2018-10,1.0,11
42,2018-11,0.1,11
42,2018-12,1.0,11
43,2016-07,1.0,11
43,2016-08,1.0,11
43,2016-09,1.0,11
43,2016-10,1.0,11
43,2016-11,1.0,11
43,2016-12,1.0,11
43,2017-01,1.0,11
43,2017-02,0.4666666666666667,11
43,2017-03,0.8333333333333334,11
43,2017-04,1.0,11
43,2017-05,0.8333333333333334,11
43,2017-06,1.0,11
43,2017-07,1.0,11
43,2017-08,1.0,11
43,2017-09,1.0,11
43,2017-10,1.0,11
43,2017-11,1.0,11
43,2017-12,1.0,11
43,2018-01,1.0,11
43,2018-02,1.0,11
43,2018-03,1.0,11
43,2018-04,1.0,11
43,2018-05,0.8333333333333334,11
43,2018-06,1.0,11
43,2018-07,1.0,11
43,2018-08,1.0,11
43,2018-09,1.0,11
43,2018-10,1.0,11
43,2018-11,0.375,11
43,2018-12,1.0,11
44,2016-08,0.75,10
44,2016-09,1.0,10
44,2016-10,1.0,10
44,2016-11,1.0,10
44,2016-12,1.0,10
44,2017-01,0.6666666666666666,10
44,2017-02,0.4,11
44,2017-03,1.0,11
44,2017-04,1.0,11
44,2017-05,1.0,11
44,2017-06,1.0,11
44,2017-07,1.0,11
44,2017-08,1.0,11
44,2017-09,1.0,11
44,2017-10,1.0,11
44,2017-11,1.0,11
44,2017-12,1.0,11
44,2018-01,1.0,11
44,2018-02,1.0,11
44,2018-03,1.0,11
44,2018-04,1.0,11
44,2018-05,1.0,11
44,2018-06,1.0,11
44,2018-07,1.0,11
44,2018-08,1.0,11
44,2018-09,1.0,11
44,2018-10,1.0,11
44,2018-11,0.4,10
44,2018-12,1.0,10
45,2016-08,0.8181818181818182,10
45,2016-09,1.0,10
45,2016-10,1.0,10
45,2016-11,1.0,10
45,2016-12,1.0,10
45,2017-01,0.75,11
45,2017-02,0.4,10
45,2017-03,0.75,11
45,2017-04,0.8333333333333334,11
45,2017-05,1.0,11
45,2017-06,1.0,11
45,2017-07,1.0,11
45,2017-08,1.0,11
45,2017-09,0.75,10
45,2017-10,1.0,10
45,2017-11,1.0,10
45,2017-12,1.0,10
45,2018-01,1.0,10
45,2018-02,1.0,10
45,2018-03,1.0,10
45,2018-04,1.0,10
45,2018-05,1.0,10
45,2018-06,1.0,10
45,2018-07,1.0,10
45,2018-08,1.0,10
45,2018-09,1.0,10
45,2018-10,1.0,10
45,2018-11,0.3333333333333333,10
45,2018-12,0.8181818181818182,10
46,2016-09,0.7692307692307693,11
46,2016-10,0.8333333333333334,11
46,2016-11,1.0,11
46,2016-12,1.0,11
46,2017-01,1.0,11
46,2017-02,0.5,10
46,2017-03,0.8181818181818182,10
46,2017-04,1.0,10
46,2017-05,1.0,10
46,2017-06,1.0,10
46,2017-07,1.0,10
46,2017-08,1.0,10
46,2017-09,1.0,10
46,2017-10,1.0,10
46,2017-11,1.0,10
46,2017-12,1.0,10
46,2018-01,0.8181818181818182,10
46,2018-02,1.0,10
46,2018-03,1.0,10
46,2018-04,1.0,10
46,2018-05,0.8181818181818182,10
46,2018-06,1.0,10
46,2018-07,1.0,10
46,2018-08,1.0,10
46,2018-09,1.0,10
46,2018-10,1.0,10
46,2018-11,0.05,11
46,2018-12,1.0,11
47,2016-09,1.0,10
47,2016-10,1.0,10
47,2016-11,1.0,10
47,2016-12,1.0,10
47,2017-01,1.0,10
47,2017-02,0.2222222222222222,12
47,2017-03,1.0,12
47,2017-04,0.7692307692307693,11
47,2017-05,1.0,11
47,2017-06,1.0,11
47,2017-07,1.0,11
47,2017-08,1.0,11
47,2017-09,1.0,11
47,2017-10,0.7692307692307693,12
47,2017-11,1.0,12
47,2017-12,1.0,12
47,2018-01,1.0,12
47,2018-02,1.0,12
47,2018-03,1.0,12
47,2018-04,1.0,12
47,2018-05,1.0,12
47,2018-06,1.0,12
47,2018-07,1.0,12
47,2018-08,1.0,12
47,2018-09,1.0,12
47,2018-10,0.7692307692307693,11
47,2018-11,0.10526315789473684,10
47,2018-12,1.0,10
48,2016-10,1.0,11
48,2016-11,1.0,11
48,2016-12,1.0,11
48,2017-01,0.4,10
48,2017-02,0.6666666666666666,10
48,2017-03,1.0,10
48,2017-04,0.8181818181818182,10
48,2017-05,1.0,10
48,2017-06,0.8181818181818182,10
48,2017-07,0.8181818181818182,10
48,2017-08,1.0,10
48,2017-09,0.8181818181818182,10
48,2017-10,1.0,10
48,2017-11,1.0,10
48,2017-12,1.0,10
48,2018-01,1.0,10
48,2018-02,1.0,10
48,2018-03,1.0,10
48,2018-04,1.0,10
48,2018-05,1.0,10
48,2018-06,1.0,10
48,2018-07,1.0,10
48,2018-08,1.0,10
48,2018-09,1.0,10
48,2018-10,1.0,10
48,2018-11,0.42857142857142855,10
48,2018-12,1.0,10
49,2016-11,1.0,10
49,2016-12,1.0,10
49,2017-01,0.16666666666666666,11
49,2017-02,0.23529411764705882,10
49,2017-03,0.8181818181818182,10
49,2017-04,1.0,10
49,2017-05,0.8181818181818182,10
49,2017-06,1.0,10
49,2017-07,1.0,10
49,2017-08,1.0,10
49,2017-09,1.0,10
49,2017-10,1.0,10
49,2017-11,1.0,10
49,2017-12,1.0,10
49,2018-01,1.0,10
49,2018-02,1.0,10
49,2018-03,1.0,10
49,2018-04,1.0,10
49,2018-05,1.0,10
49,2018-06,1.0,10
49,2018-07,1.0,10
49,2018-08,1.0,10
49,2018-09,1.0,10
49,2018-10,1.0,10
49,2018-11,0.5,11
49,2018-12,0.75,10
50,2016-12,1.0,11
50,2017-01,0.3125,10
50,2017-02,0.0,10
50,2017-03,1.0,10
50,2017-04,1.0,10
50,2017-05,1.0,10
50,2017-06,0.0,11
50,2017-07,1.0,11
50,2017-08,1.0,11
50,2017-09,1.0,11
50,2017-10,0.75,10
50,2017-11,1.0,10
50,2017-12,1.0,10
50,2018-01,1.0,10
50,2018-02,1.0,10
50,2018-03,1.0,10
50,2018-04,0.8181818181818182,10
50,2018-05,0.75,11
50,2018-06,1.0,11
50,2018-07,1.0,11
50,2018-08,1.0,11
50,2018-09,1.0,11
50,2018-10,1.0,11
50,2018-11,0.5,10
50,2018-12,1.0,10
51,2017-04,1.0,11
51,2017-05,1.0,11
51,2017-06,0.4,10
51,2017-07,1.0,10
51,2017-08,1.0,10
51,2017-09,1.0,10
51,2017-10,1.0,10
51,2017-11,1.0,10
51,2017-12,0.8181818181818182,10
51,2018-01,1.0,10
51,2018-02,0.8181818181818182,10
51,2018-03,0.8181818181818182,10
51,2018-04,0.8181818181818182,10
51,2018-05,0.8181818181818182,10
51,2018-06,1.0,10
51,2018-07,1.0,10
51,2018-08,1.0,10
51,2018-09,1.0,10
51,2018-10,1.0,10
51,2018-11,0.1111111111111111,10
51,2018-12,1.0,10
52,2017-04,0.6666666666666666,10
52,2017-05,1.0,10
52,2017-06,0.42857142857142855,10
52,2017-07,1.0,10
52,2017-08,0.42857142857142855,10
52,2017-09,1.0,10
52,2017-10,1.0,10
52,2017-11,1.0,10
52,2017-12,1.0,10
52,2018-01,1.0,10
52,2018-02,1.0,10
52,2018-03,0.6666666666666666,10
52,2018-04,1.0,10
52,2018-05,1.0,10
52,2018-06,1.0,10
52,2018-07,1.0,10
52,2018-08,1.0,10
52,2018-09,0.8181818181818182,10
52,2018-10,1.0,10
52,2018-11,0.23529411764705882,11
52,2018-12,1.0,11
53,2017-05,1.0,10
53,2017-06,0.42857142857142855,10
53,2017-07,0.8181818181818182,10
53,2017-08,0.4,11
53,2017-09,1.0,11
53,2017-10,1.0,11
53,2017-11,1.0,11
53,2017-12,1.0,11
53,2018-01,1.0,11
53,2018-02,1.0,11
53,2018-03,1.0,11
53,2018-04,0.8333333333333334,11
53,2018-05,1.0,11
53,2018-06,1.0,11
53,2018-07,1.0,11
53,2018-08,1.0,11
53,2018-09,1.0,11
53,2018-10,1.0,11
53,2018-11,0.375,11
53,2018-12,1.0,11
54,2017-06,0.42857142857142855,10
54,2017-07,0.75,11
54,2017-08,0.6153846153846154,10
54,2017-09,0.75,11
54,2017-10,1.0,11
54,2017-11,1.0,11
54,2017-12,1.0,11
54,2018-01,1.0,11
54,2018-02,1.0,11
54,2018-03,1.0,11
54,2018-04,1.0,11
54,2018-05,1.0,11
54,2018-06,1.0,11
54,2018-07,1.0,11
54,2018-08,1.0,11
54,2018-09,1.0,11
54,2018-10,1.0,11
54,2018-11,0.375,11
54,2018-12,1.0,11
55,2017-06,0.6666666666666666,10
55,2017-07,1.0,10
55,2017-08,0.6153846153846154,11
55,2017-09,0.8333333333333334,11
55,2017-10,0.8333333333333334,11
55,2017-11,1.0,11
55,2017-12,1.0,11
55,2018-01,1.0,11
55,2018-02,1.0,11
55,2018-03,1.0,11
55,2018-04,1.0,11
55,2018-05,1.0,11
55,2018-06,1.0,11
55,2018-07,1.0,11
55,2018-08,1.0,11
55,2018-09,1.0,11
55,2018-10,1.0,11
55,2018-11,0.29411764705882354,11
55,2018-12,1.0,11
56,2017-08,0.4,10
56,2017-09,1.0,10
56,2017-10,1.0,10
56,2017-11,0.8181818181818182,10
56,2017-12,1.0,10
56,2018-01,1.0,10
56,2018-02,1.0,10
56,2018-03,0.75,11
56,2018-04,1.0,11
56,2018-05,1.0,11
56,2018-06,1.0,11
56,2018-07,1.0,11
56,2018-08,1.0,11
56,2018-09,1.0,11
56,2018-10,1.0,11
56,2018-11,0.29411764705882354,11
56,2018-12,0.8333333333333334,11
57,2017-10,1.0,10
57,2017-11,1.0,10
57,2017-12,1.0,10
57,2018-01,1.0,10
57,2018-02,1.0,10
57,2018-03,0.8181818181818182,10
57,2018-04,1.0,10
57,2018-05,1.0,10
57,2018-06,1.0,10
57,2018-07,1.0,10
57,2018-08,1.0,10
57,2018-09,1.0,10
57,2018-10,1.0,10
57,2018-11,0.6666666666666666,10
57,2018-12,1.0,10
58,2017-11,1.0,10
58,2017-12,0.8181818181818182,10
58,2018-01,1.0,10
58,2018-02,1.0,10
58,2018-03,0.8181818181818182,10
58,2018-04,0.8181818181818182,10
58,2018-05,1.0,10
58,2018-06,1.0,10
58,2018-07,1.0,10
58,2018-08,1.0,10
58,2018-09,0.8181818181818182,10
58,2018-10,0.8181818181818182,10
58,2018-11,0.5,11
58,2018-12,1.0,11
59,2017-12,1.0,11
59,2018-01,1.0,11
59,2018-02,0.8333333333333334,11
59,2018-03,0.8333333333333334,11
59,2018-04,1.0,11
59,2018-05,1.0,11
59,2018-06,0.8333333333333334,11
59,2018-07,1.0,11
59,2018-08,0.8333333333333334,11
59,2018-09,1.0,11
59,2018-10,1.0,11
59,2018-11,0.8333333333333334,11
59,2018-12,1.0,11
60,2018-01,1.0,11
60,2018-02,1.0,11
60,2018-03,1.0,11
60,2018-04,1.0,11
60,2018-05,1.0,11
60,2018-06,1.0,11
60,2018-07,0.8333333333333334,11
60,2018-08,1.0,11
60,2018-09,1.0,11
60,2018-10,0.8333333333333334,11
60,2018-11,0.16666666666666666,10
60,2018-12,0.8181818181818182,10
61,2018-02,0.7692307692307693,11
61,2018-03,0.7692307692307693,12
61,2018-04,0.7692307692307693,11
61,2018-05,0.8333333333333334,11
61,2018-06,0.6923076923076923,11
61,2018-07,1.0,11
61,2018-08,0.75,10
61,2018-09,0.6666666666666666,10
61,2018-10,0.8181818181818182,10
61,2018-11,0.4,11
61,2018-12,1.0,11
62,2018-03,1.0,12
62,2018-04,0.7692307692307693,11
62,2018-05,0.8333333333333334,11
62,2018-06,1.0,11
62,2018-07,1.0,11
62,2018-08,1.0,11
62,2018-09,1.0,11
62,2018-10,1.0,11
62,2018-11,0.4,10
62,2018-12,1.0,10
63,2018-04,0.8181818181818182,10
63,2018-05,0.6666666666666666,10
63,2018-06,0.8181818181818182,10
63,2018-07,1.0,10
63,2018-08,0.8181818181818182,10
63,2018-09,1.0,10
63,2018-10,1.0,10
63,2018-11,0.375,12
63,2018-12,0.29411764705882354,10
64,2018-05,1.0,12
64,2018-06,1.0,12
64,2018-07,1.0,12
64,2018-08,1.0,12
64,2018-09,1.0,12
64,2018-10,1.0,12
64,2018-11,0.29411764705882354,10
64,2018-12,0.5,11
65,2018-06,1.0,11
65,2018-07,1.0,11
65,2018-08,1.0,11
65,2018-09,0.8333333333333334,11
65,2018-10,0.8333333333333334,11
65,2018-11,0.375,11
65,2018-12,0.23529411764705882,10
66,2018-07,0.8333333333333334,11
66,2018-08,1.0,11
66,2018-09,1.0,11
66,2018-10,1.0,11
66,2018-11,0.23529411764705882,10
66,2018-12,0.42857142857142855,10
67,2018-08,1.0,10
67,2018-09,1.0,10
67,2018-10,1.0,10
67,2018-11,0.42857142857142855,10
67,2018-12,0.3125,11
68,2018-09,0.6153846153846154,11
68,2018-10,0.8333333333333334,11
68,2018-11,0.375,11
68,2018-12,0.4,10
69,2018-10,1.0,11
69,2018-11,0.4,10
69,2018-12,0.6666666666666666,10
70,2018-11,0.6666666666666666,10
70,2018-12,0.6666666666666666,10
